ProductCode,Name,CurrencyCode,BarCode,SRP,BoxQuantity,VATNotes,QuantityBreak1,Price1,QuantityBreak2,Price2,QuantityBreak3,Price3,QuantityBreak4,Price4,Supplier
ASAMUDINWS,Ashima Action Gear Inner Cable Workshop (100 Pack):  ,GBP,4712831653367,199.00,1 box = 100 units,,1,49.75,,,,,,,Zyrofisher (Box)
ASAMUUEN1BO,Ashima Cable End Caps (Bottle Of 500): SILVER ,GBP,4712831657990,35.00,1 box = 500 units,,1,8.80,,,,,,,Zyrofisher (Box)
ASAP47VWS,Ashima V-Brake One Piece Shoe/Pad 70mm Workshop (Box 50):  ,GBP,4712831650809,199.50,1 box = 50 units,,1,49.90,,,,,,,Zyrofisher (Box)
ASAPMRBINWS,Ashima Action Plus Road Brake Inner Cable Workshop (100 Pack):  ,GBP,4712831653329,349.00,1 box = 100 units,,1,87.25,,,,,,,Zyrofisher (Box)
ASAPMUDINWS,Ashima Action Plus Gear Inner Cable Workshop (100 Pack):  ,GBP,4712831653299,349.00,1 box = 100 units,,1,87.25,,,,,,,Zyrofisher (Box)
ASAR66WS,"Ashima One Piece Road Brake Shoe/Pad - Black AR66 105, Workshop (Box 50):  ",GBP,4712831650816,249.50,1 box = 50 units,,1,62.40,,,,,,,Zyrofisher (Box)
FEDISC20,Fenwick's Disc Brake Cleaner 200ml:  ,GBP,5060012763602,5.99,1 box = 10 units,,1,27.45,,,,,,,Zyrofisher (Box)
FEDISC50,Fenwick's Disc Brake Cleaner 500ml:  ,GBP,5060012763619,11.99,1 box = 10 units,,1,54.95,,,,,,,Zyrofisher (Box)
FEFAST50,Fenwick's Drivetrain Degreaser 500ml:  ,GBP,5060012763626,11.99,1 box = 10 units,,1,54.95,,,,,,,Zyrofisher (Box)
FEFOAM20,Fenwick's Foaming Chain Cleaner 200ml:  ,GBP,5060012763589,5.99,1 box = 10 units,,1,27.45,,,,,,,Zyrofisher (Box)
FEFOAM50,Fenwick's Foaming Chain Cleaner 500ml (box of 10):  ,GBP,5060012763596,11.99,1 box = 10 units,,1,54.95,,,,,,,Zyrofisher (Box)
FEFS101,Fenwick's Bike Cleaner 1 Litre:  ,GBP,5060012763534,8.99,1 box = 10 units,,1,41.20,,,,,,,Zyrofisher (Box)
FEFS11,Fenwick's Concentrated Bike Cleaner 1 Litre:  ,GBP,5060012763503,14.50,1 box = 10 units,,1,66.46,,,,,,,Zyrofisher (Box)
FEHC150,Fenwick's Hand Cleaner 500ml:  ,GBP,5060012763541,6.99,1 box = 10 units,,1,32.04,,,,,,,Zyrofisher (Box)
FELUBE20,Fenwick's Multi-Purpose Lubricant 200ml:  ,GBP,5060012763756,5.99,1 box = 10 units,,1,24.96,,,,,,,Zyrofisher (Box)
FELUBE50,Fenwick's Multi Purpose Lubricant 500ml:  ,GBP,5060012763763,8.99,1 box = 10 units,,1,37.46,,,,,,,Zyrofisher (Box)
FESILC20,Fenwick's Suspension Lube Spray 200ml:  ,GBP,5060012763749,5.99,1 box = 10 units,,1,24.96,,,,,,,Zyrofisher (Box)
TQNBORGMA,TORQ Organic Energy Bar (15x 45g): JUICY MANGO ,GBP,5060123412659,2.55,1 box = 15 units,,1,23.11,,,,,,,Zyrofisher (Box)
TQNGAC,TORQ Energy Gel (15x 45g): APPLE CRUMBLE ,GBP,5060123412703,2.20,1 box = 15 units,No Vat,1,23.93,,,,,,,Zyrofisher (Box)
TQNGBAG,TORQ Energy Gel With Guarana - Caffeinated (15x 45g): BANOFFEE WITH GUARANA ,GBP,5060123412734,2.40,1 box = 15 units,No Vat,1,26.10,,,,,,,Zyrofisher (Box)
TQNGCY,TORQ Energy Gel (15x 45g): BLACK CHERRY YOGHURT ,GBP,5060123412673,2.20,1 box = 15 units,No Vat,1,23.93,,,,,,,Zyrofisher (Box)
TQNGFFG,TORQ Energy Gel With Guarana - Caffeinated (15x 45g): FOREST FRUITS WITH GUARANA ,GBP,5060123412727,2.40,1 box = 15 units,No Vat,1,26.10,,,,,,,Zyrofisher (Box)
TQNGOB,TORQ Energy Gel (15x 45g): ORANGE & BANANA ,GBP,5060123412680,2.20,1 box = 15 units,No Vat,1,23.93,,,,,,,Zyrofisher (Box)
TQNGRC,TORQ Energy Gel (15x 45g): RHUBARB & CUSTARD ,GBP,5060123412697,2.20,1 box = 15 units,No Vat,1,23.93,,,,,,,Zyrofisher (Box)
TQNGRR,TORQ Energy Gel (15x 45g): RASPBERRY RIPPLE ,GBP,5060123412710,2.20,1 box = 15 units,No Vat,1,23.93,,,,,,,Zyrofisher (Box)
TQNGSY,TORQ Energy Gel (15x 45g): STRAWBERRY YOGHURT ,GBP,5060123412666,2.20,1 box = 15 units,No Vat,1,23.93,,,,,,,Zyrofisher (Box)
