System ID,UPC,EAN,Custom SKU,Manufacturer SKU,Default Vendor ID,Description,Default Vendor,Item Type,Tax Class,Brand,Top Level Category,Default Cost,Price,Archived (Yes / No),Category,Quantity on Hand,Lifetime Quantity Sold,# of Sales
,,,,,,BROOKS RIVET BYB277,Extra UK,,,Brooks,,,0.99,,BROOKS SPARES UK,,,
,,,,,,BROOKS SHOULDER STRAP BARBICAN LONG BRN,Extra UK,,,Brooks,,,62.99,,BROOKS SPARES UK,,,
,,,,,,BROOKS SHOULDER STRAP BARBICAN STD BROWN,Extra UK,,,Brooks,,,62.99,,BROOKS SPARES UK,,,
,,,,,,BROOKS TENSION PIN 60MM WITH NUT BMP185,Extra UK,,,Brooks,,,6.5,,BROOKS SPARES UK,,,
,,,,,,BROOKS NOSE BYB292,Extra UK,,,Brooks,,,28.99,,BROOKS SPARES UK,,,
,,,,,,BROOKS TENSION PIN BYB338,Extra UK,,,Brooks,,,45.99,,BROOKS SPARES UK,,,
,,,,,,BROOKS TITANIUM TENSION SHACKLE BYB289,Extra UK,,,Brooks,,,17.5,,BROOKS SPARES UK,,,
,,,,,,BROOKS BAG LOOPS BYB294,Extra UK,,,Brooks,,,2.99,,BROOKS SPARES UK,,,
,,,,,,BROOKS BRACKET ASSY BYB471,Extra UK,,,Brooks,,,12.99,,BROOKS SPARES ITA,,,
,,,,,,CCDB O-RING 13.1x1.6,Extra UK,,,Cane Creek,,,2.99,,CC SPARES - INTERNAL SUSPENSION PARTS SC ONLY,,,
,,,,,,KITSUMA - GUIDE SLEEVE 28mm,Extra UK,,,Cane Creek,,,9.99,,CC SPARES - INTERNAL SUSPENSION PARTS SC ONLY,,,
,,,,,,CCDB REBUILD KIT COIL OIL,Extra UK,,,Cane Creek,,,37.99,,CC SPARES - SUSPENSION GENERAL PARTS,,,
,,,,,,CCDB INLINE AIR CAN INNER 59mm,Extra UK,,,Cane Creek,,,34.99,,CC SPARES - INTERNAL SUSPENSION PARTS SC ONLY,,,
,,,,,,CCDB O-RING 7.65x1.78,Extra UK,,,Cane Creek,,,1.49,,CC SPARES - INTERNAL SUSPENSION PARTS SC ONLY,,,
,,,,,,CCDB AIR VALVE HOUSING GOLD,Extra UK,,,Cane Creek,,,8.99,,CC SPARES - INTERNAL SUSPENSION PARTS SC ONLY,,,
,,,,,,DBINLINE - L-SHAPED BACKUP RING,Extra UK,,,Cane Creek,,,4.49,,CC SPARES - INTERNAL SUSPENSION PARTS SC ONLY,,,
,,,,,,DBINLINE - END EYE STOP SHIM,Extra UK,,,Cane Creek,,,1.49,,CC SPARES - INTERNAL SUSPENSION PARTS SC ONLY,,,
,,,,,,CCDB QUAD RING 122 28.25x2.6 HBNR,Extra UK,,,Cane Creek,,,8.49,,CC SPARES - INTERNAL SUSPENSION PARTS SC ONLY,,,
,,,,,,DBAIR-IL TRUNNION BLADDER,Extra UK,,,Cane Creek,,,11.99,,CC SPARES - INTERNAL SUSPENSION PARTS SC ONLY,,,
,,,,,,CCDB IL TRUNN - UPPER END EYE,Extra UK,,,Cane Creek,,,13.99,,CC SPARES - INTERNAL SUSPENSION PARTS SC ONLY,,,
,,,,,,CCDB IL TRUNN - SPOOL VALVE,Extra UK,,,Cane Creek,,,14.99,,CC SPARES - INTERNAL SUSPENSION PARTS SC ONLY,,,
,,,,,,CCDB IL G2 - OIL FILL SCREW,Extra UK,,,Cane Creek,,,8.49,,CC SPARES - INTERNAL SUSPENSION PARTS SC ONLY,,,
,,,,,,CCDB IL TRUNNION - CS LEVER 3mm HEX KEY,Extra UK,,,Cane Creek,,,2.99,,CC SPARES - INTERNAL SUSPENSION PARTS SC ONLY,,,
,,,,,,CCDB IL - CS LEVER w/ TOOL BLK,Extra UK,,,Cane Creek,,,21.99,,CC SPARES - INTERNAL SUSPENSION PARTS SC ONLY,,,
,,,,,,CCDB AIR-IL G2 - BOTTOM END EYE,Extra UK,,,Cane Creek,,,31.99,,CC SPARES - INTERNAL SUSPENSION PARTS SC ONLY,,,
,,,,,,CCDB AIR-IL G2 - INNER AIR CAN 210mm,Extra UK,,,Cane Creek,,,49.99,,CC SPARES - INTERNAL SUSPENSION PARTS SC ONLY,,,
,,,,,,CCDB AIR-IL G2 - INNER AIR CAN 190mm,Extra UK,,,Cane Creek,,,49.99,,CC SPARES - INTERNAL SUSPENSION PARTS SC ONLY,,,
,,,,,,CCDB AIR-IL G2 - OUTER AIR CAN 210mm,Extra UK,,,Cane Creek,,,49.99,,CC SPARES - INTERNAL SUSPENSION PARTS SC ONLY,,,
,,,,,,CCDB AIR-IL G2 - OUTER AIR CAN 190mm,Extra UK,,,Cane Creek,,,49.99,,CC SPARES - INTERNAL SUSPENSION PARTS SC ONLY,,,
,,,,,,CCDB AIR-IL G2 - OUTER DAMPER TUBE 190mm,Extra UK,,,Cane Creek,,,26.99,,CC SPARES - INTERNAL SUSPENSION PARTS SC ONLY,,,
,,,,,,CCDB IL G2 - INNER DAMPER TUBE 210mm,Extra UK,,,Cane Creek,,,49.99,,CC SPARES - INTERNAL SUSPENSION PARTS SC ONLY,,,
,,,,,,CCDB IL G2 - INNER DAMPER TUBE 190mm,Extra UK,,,Cane Creek,,,49.99,,CC SPARES - INTERNAL SUSPENSION PARTS SC ONLY,,,
,,,,,,DB-COIL IL G2 - OUTER DAMPER TUBE 210mm,Extra UK,,,Cane Creek,,,21.99,,CC SPARES - INTERNAL SUSPENSION PARTS SC ONLY,,,
,,,,,,DB-COIL IL G2 - OUTER DAMPER TUBE 190mm,Extra UK,,,Cane Creek,,,21.99,,CC SPARES - INTERNAL SUSPENSION PARTS SC ONLY,,,
,,,,,,CCDB AIR-IL G2 - SHAFT 210mm,Extra UK,,,Cane Creek,,,17.99,,CC SPARES - INTERNAL SUSPENSION PARTS SC ONLY,,,
,,,,,,CCDB AIR-IL G2 - SHAFT 190mm,Extra UK,,,Cane Creek,,,17.99,,CC SPARES - INTERNAL SUSPENSION PARTS SC ONLY,,,
,,,,,,CCDB COIL IL G2 - SHAFT 190mm,Extra UK,,,Cane Creek,,,21.99,,CC SPARES - INTERNAL SUSPENSION PARTS SC ONLY,,,
,,,,,,CCDB COIL IL G2 - BOTTOM END EYE,Extra UK,,,Cane Creek,,,29.99,,CC SPARES - INTERNAL SUSPENSION PARTS SC ONLY,,,
,,,,,,CCDB AIR-IL G2 - AIR PISTON L-RING,Extra UK,,,Cane Creek,,,11.99,,CC SPARES - INTERNAL SUSPENSION PARTS SC ONLY,,,
,,,,,,CCDB AIR-IL G2 - AIR PISTON O-RING,Extra UK,,,Cane Creek,,,1.49,,CC SPARES - INTERNAL SUSPENSION PARTS SC ONLY,,,
,,,,,,CCDB AIR-IL G2 - AIR CAN RETAIN RING,Extra UK,,,Cane Creek,,,2.99,,CC SPARES - INTERNAL SUSPENSION PARTS SC ONLY,,,
,,,,,,CCDB IL G2 - GLAND NUT,Extra UK,,,Cane Creek,,,11.99,,CC SPARES - INTERNAL SUSPENSION PARTS SC ONLY,,,
,,,,,,DBAIR-IL - STROKE REDUCER 2.5mm,Extra UK,,,Cane Creek,,,3.49,,CC SPARES - INTERNAL SUSPENSION PARTS SC ONLY,,,
,,,,,,CCDB IL G2 - O-RING CS VALVE 6x2mm,Extra UK,,,Cane Creek,,,2.99,,CC SPARES - INTERNAL SUSPENSION PARTS SC ONLY,,,
,,,,,,CCDB O-RING BUNA-N 50A 11x2mm,Extra UK,,,Cane Creek,,,3.49,,CC SPARES - INTERNAL SUSPENSION PARTS SC ONLY,,,
,,,,,,C/C HELM AIR-COIL CONVERT KIT 275 w/o SPR,Extra UK,,,Cane Creek,,,179.99,,CC SPARES - SUSPENSION GENERAL PARTS,,,
,,,,,,C/C HELM AIR-COIL CONVERT KIT 29 w/o SPR,Extra UK,,,Cane Creek,,,179.99,,CC SPARES - SUSPENSION GENERAL PARTS,,,
,,,,,,HELM2 AIR SEAL HEAD RETAINING RING,Extra UK,,,Cane Creek,,,3.49,,CC SPARES - INTERNAL SUSPENSION PARTS SC ONLY,,,
,,,,,,HELM2 OIL SEAL HEAD E-CLIP,Extra UK,,,Cane Creek,,,2.49,,CC SPARES - INTERNAL SUSPENSION PARTS SC ONLY,,,
,,,,,,C/C BEARING HELLBENDER BB 24mm,Extra UK,,,Cane Creek,,,21.99,,CC SPARES - COMPONENTS,,,
,,,,,,EESILK STEM CS LEVER O-RING,Extra UK,,,Cane Creek,,,2.99,,CC SPARES - COMPONENTS,,,
,,,,,,KITSUMA COIL - SHAFT +1mm - 210,Extra UK,,,Cane Creek,,,14.99,,CC SPARES - INTERNAL SUSPENSION PARTS SC ONLY,,,
,,,,,,KITSUMA COIL - SHAFT +1mm - 230,Extra UK,,,Cane Creek,,,14.99,,CC SPARES - INTERNAL SUSPENSION PARTS SC ONLY,,,
,,,,,,KITSUMA COIL - SHAFT +1mm - 250,Extra UK,,,Cane Creek,,,17.99,,CC SPARES - INTERNAL SUSPENSION PARTS SC ONLY,,,
,,,,,,KITSUMA - OIL PISTON,Extra UK,,,Cane Creek,,,12.99,,CC SPARES - INTERNAL SUSPENSION PARTS SC ONLY,,,
,,,,,,KITSUMA - PISTON STOP WASHER,Extra UK,,,Cane Creek,,,4.49,,CC SPARES - INTERNAL SUSPENSION PARTS SC ONLY,,,
,,,,,,KITSUMA AIR - OIL SEAL HEAD/AIR PISTON,Extra UK,,,Cane Creek,,,24.99,,CC SPARES - INTERNAL SUSPENSION PARTS SC ONLY,,,
,,,,,,KITSUMA - SHAFT BEARING,Extra UK,,,Cane Creek,,,12.99,,CC SPARES - INTERNAL SUSPENSION PARTS SC ONLY,,,
,,,,,,KITSUMA AIR - L-RING -221,Extra UK,,,Cane Creek,,,17.99,,CC SPARES - INTERNAL SUSPENSION PARTS SC ONLY,,,
,,,,,,KITSUMA - INNER DAMPER TUBE - 210,Extra UK,,,Cane Creek,,,27.99,,CC SPARES - INTERNAL SUSPENSION PARTS SC ONLY,,,
,,,,,,KITSUMA - INNER DAMPER TUBE - 230,Extra UK,,,Cane Creek,,,27.99,,CC SPARES - INTERNAL SUSPENSION PARTS SC ONLY,,,
,,,,,,KITSUMA - INNER DAMPER TUBE - 250,Extra UK,,,Cane Creek,,,27.99,,CC SPARES - INTERNAL SUSPENSION PARTS SC ONLY,,,
,,,,,,KITSUMA COIL - OUTER DAMPER TUBE - 210,Extra UK,,,Cane Creek,,,24.99,,CC SPARES - INTERNAL SUSPENSION PARTS SC ONLY,,,
,,,,,,KITSUMA AIR - OUTER DAMPER TUBE - 210,Extra UK,,,Cane Creek,,,34.99,,CC SPARES - INTERNAL SUSPENSION PARTS SC ONLY,,,
,,,,,,KITSUMA AIR - OUTER DAMPER TUBE - 230,Extra UK,,,Cane Creek,,,34.99,,CC SPARES - INTERNAL SUSPENSION PARTS SC ONLY,,,
,,,,,,KITSUMA AIR - OUTER DAMPER TUBE - 250,Extra UK,,,Cane Creek,,,34.99,,CC SPARES - INTERNAL SUSPENSION PARTS SC ONLY,,,
,,,,,,KITSUMA AIR - QUAD RING -125,Extra UK,,,Cane Creek,,,8.99,,CC SPARES - INTERNAL SUSPENSION PARTS SC ONLY,,,
,,,,,,KITSUMA AIR - L-RING -125I,Extra UK,,,Cane Creek,,,17.99,,CC SPARES - INTERNAL SUSPENSION PARTS SC ONLY,,,
,,,,,,KITSUMA - IFP QUAD RING 210,Extra UK,,,Cane Creek,,,2.99,,CC SPARES - INTERNAL SUSPENSION PARTS SC ONLY,,,
,,,,,,KITSUMA - RESERVOIR END CAP,Extra UK,,,Cane Creek,,,8.99,,CC SPARES - INTERNAL SUSPENSION PARTS SC ONLY,,,
,,,,,,KITSUMA COIL - END EYE 0mm,Extra UK,,,Cane Creek,,,14.99,,CC SPARES - INTERNAL SUSPENSION PARTS SC ONLY,,,
,,,,,,KITSUMA AIR - SHAFT - 210,Extra UK,,,Cane Creek,,,17.99,,CC SPARES - INTERNAL SUSPENSION PARTS SC ONLY,,,
,,,,,,KITSUMA AIR - SHAFT - 230,Extra UK,,,Cane Creek,,,17.99,,CC SPARES - INTERNAL SUSPENSION PARTS SC ONLY,,,
,,,,,,KITSUMA AIR - SHAFT - 250,Extra UK,,,Cane Creek,,,17.99,,CC SPARES - INTERNAL SUSPENSION PARTS SC ONLY,,,
,,,,,,KITSUMA AIR - SHAFT WIPER,Extra UK,,,Cane Creek,,,12.99,,CC SPARES - INTERNAL SUSPENSION PARTS SC ONLY,,,
,,,,,,KITSUMA - PISTON GUIDE SLEEVE,Extra UK,,,Cane Creek,,,12.99,,CC SPARES - INTERNAL SUSPENSION PARTS SC ONLY,,,
,,,,,,KITSUMA COIL - ADJUSTMENT NUT,Extra UK,,,Cane Creek,,,21.99,,CC SPARES - INTERNAL SUSPENSION PARTS SC ONLY,,,
,,,,,,KITSUMA COIL - SHAFT NYLOCK NUT,Extra UK,,,Cane Creek,,,3.49,,CC SPARES - INTERNAL SUSPENSION PARTS SC ONLY,,,
,,,,,,KITSUMA - IFP BLADDER,Extra UK,,,Cane Creek,,,10.99,,CC SPARES - INTERNAL SUSPENSION PARTS SC ONLY,,,
,,,,,,KITSUMA COIL - OUTER DAMPER TUBE - 230,Extra UK,,,Cane Creek,,,24.99,,CC SPARES - INTERNAL SUSPENSION PARTS SC ONLY,,,
,,,,,,KITSUMA COIL - OUTER DAMPER TUBE - 250,Extra UK,,,Cane Creek,,,24.99,,CC SPARES - INTERNAL SUSPENSION PARTS SC ONLY,,,
,,,,,,KITSUMA - LS DETENT SPRING,Extra UK,,,Cane Creek,,,2.99,,CC SPARES - INTERNAL SUSPENSION PARTS SC ONLY,,,
,,,,,,KITSUMA - O-RING 13.0x2.00 - NBR,Extra UK,,,Cane Creek,,,2.49,,CC SPARES - INTERNAL SUSPENSION PARTS SC ONLY,,,
,,,,,,"KITSUMA - O-RING 1.8 x 1.2, NBR 70D",Extra UK,,,Cane Creek,,,2.49,,CC SPARES - INTERNAL SUSPENSION PARTS SC ONLY,,,
,,,,,,KITSUMA - THRUST SHIM 8x10x0.25,Extra UK,,,Cane Creek,,,2.99,,CC SPARES - INTERNAL SUSPENSION PARTS SC ONLY,,,
,,,,,,KITSUMA - HS POPPET,Extra UK,,,Cane Creek,,,6.49,,CC SPARES - INTERNAL SUSPENSION PARTS SC ONLY,,,
,,,,,,KITSUMA - VALVE SEAT 6.75mm,Extra UK,,,Cane Creek,,,8.99,,CC SPARES - INTERNAL SUSPENSION PARTS SC ONLY,,,
,,,,,,KITSUMA - CS VALVE,Extra UK,,,Cane Creek,,,8.99,,CC SPARES - INTERNAL SUSPENSION PARTS SC ONLY,,,
,,,,,,KITSUMA - CS SHIM - 2.3x7.5x0.15,Extra UK,,,Cane Creek,,,2.99,,CC SPARES - INTERNAL SUSPENSION PARTS SC ONLY,,,
,,,,,,KITSUMA - SNAP RING HS LIMIT,Extra UK,,,Cane Creek,,,1.99,,CC SPARES - INTERNAL SUSPENSION PARTS SC ONLY,,,
,,,,,,KITSUMA - VALVE SEAT LOW SPEED,Extra UK,,,Cane Creek,,,6.49,,CC SPARES - INTERNAL SUSPENSION PARTS SC ONLY,,,
,,,,,,KITSUMA - LOW SPEED NEEDLE,Extra UK,,,Cane Creek,,,6.49,,CC SPARES - INTERNAL SUSPENSION PARTS SC ONLY,,,
,,,,,,KITSUMA - O-RING 5.5x1.5 LS SEAL,Extra UK,,,Cane Creek,,,2.49,,CC SPARES - INTERNAL SUSPENSION PARTS SC ONLY,,,
,,,,,,KITSUMA - ADJUSTER LSC,Extra UK,,,Cane Creek,,,13.99,,CC SPARES - INTERNAL SUSPENSION PARTS SC ONLY,,,
,,,,,,KITSUMA - ADJUSTER LSR,Extra UK,,,Cane Creek,,,13.99,,CC SPARES - INTERNAL SUSPENSION PARTS SC ONLY,,,
,,,,,,KITSUMA - O-RING 8.5x1.5 LS RETAINER,Extra UK,,,Cane Creek,,,2.49,,CC SPARES - INTERNAL SUSPENSION PARTS SC ONLY,,,
,,,,,,KITSUMA - ADJUSTER BOLT M3,Extra UK,,,Cane Creek,,,4.49,,CC SPARES - INTERNAL SUSPENSION PARTS SC ONLY,,,
,,,,,,KITSUMA - CS CHECK PIN,Extra UK,,,Cane Creek,,,2.99,,CC SPARES - INTERNAL SUSPENSION PARTS SC ONLY,,,
,,,,,,KITSUMA - E-CLIP CS CHECK ,Extra UK,,,Cane Creek,,,2.49,,CC SPARES - INTERNAL SUSPENSION PARTS SC ONLY,,,
,,,,,,KITSUMA - CS SWITCH,Extra UK,,,Cane Creek,,,17.99,,CC SPARES - INTERNAL SUSPENSION PARTS SC ONLY,,,
,,,,,,KITSUMA - POPPET SHIM 4x9x0.15,Extra UK,,,Cane Creek,,,1.99,,CC SPARES - INTERNAL SUSPENSION PARTS SC ONLY,,,
,,,,,,KITSUMA - POPPET E-CLIP ,Extra UK,,,Cane Creek,,,1.99,,CC SPARES - INTERNAL SUSPENSION PARTS SC ONLY,,,
,,,,,,KITSUMA - O-RING 4.7 x 1.42 HNBR,Extra UK,,,Cane Creek,,,2.49,,CC SPARES - INTERNAL SUSPENSION PARTS SC ONLY,,,
,,,,,,KITSUMA - O-RING 010 CS SWITCH,Extra UK,,,Cane Creek,,,1.99,,CC SPARES - INTERNAL SUSPENSION PARTS SC ONLY,,,
,,,,,,KITSUMA - LS BACKUP RING,Extra UK,,,Cane Creek,,,2.99,,CC SPARES - INTERNAL SUSPENSION PARTS SC ONLY,,,
,,,,,,KITSUMA - ADJUSTER HSC,Extra UK,,,Cane Creek,,,12.99,,CC SPARES - INTERNAL SUSPENSION PARTS SC ONLY,,,
,,,,,,KITSUMA - ADJUSTER HSR,Extra UK,,,Cane Creek,,,12.99,,CC SPARES - INTERNAL SUSPENSION PARTS SC ONLY,,,
,,,,,,KITSUMA - HIGH SPEED 2 ADJUSTER,Extra UK,,,Cane Creek,,,6.49,,CC SPARES - INTERNAL SUSPENSION PARTS SC ONLY,,,
,,,,,,KITSUMA - HIGH SPEED 2 CAP M20x1,Extra UK,,,Cane Creek,,,12.99,,CC SPARES - INTERNAL SUSPENSION PARTS SC ONLY,,,
,,,,,,KITSUMA - O-RING HS KNOB 12.1x1.6,Extra UK,,,Cane Creek,,,1.99,,CC SPARES - INTERNAL SUSPENSION PARTS SC ONLY,,,
,,,,,,KITSUMA - SPRING SHUTTLE,Extra UK,,,Cane Creek,,,7.49,,CC SPARES - INTERNAL SUSPENSION PARTS SC ONLY,,,
,,,,,,KITSUMA AIR - END EYE,Extra UK,,,Cane Creek,,,39.99,,CC SPARES - INTERNAL SUSPENSION PARTS SC ONLY,,,
,,,,,,KITSUMA - O-RING 6.4x1.9,Extra UK,,,Cane Creek,,,2.49,,CC SPARES - INTERNAL SUSPENSION PARTS SC ONLY,,,
,,,,,,KITSUMA AIR - OUTER AIR CAN,Extra UK,,,Cane Creek,,,44.99,,CC SPARES - INTERNAL SUSPENSION PARTS SC ONLY,,,
,,,,,,KITSUMA AIR - INNER AIR CAN - 210,Extra UK,,,Cane Creek,,,59.99,,CC SPARES - INTERNAL SUSPENSION PARTS SC ONLY,,,
,,,,,,KITSUMA AIR - INNER AIR CAN - 230,Extra UK,,,Cane Creek,,,59.99,,CC SPARES - INTERNAL SUSPENSION PARTS SC ONLY,,,
,,,,,,KITSUMA AIR - INNER AIR CAN - 250,Extra UK,,,Cane Creek,,,59.99,,CC SPARES - INTERNAL SUSPENSION PARTS SC ONLY,,,
,,,,,,KITSUMA AIR - 1250mm NEG VOLUME REDUCER,Extra UK,,,Cane Creek,,,2.99,,CC SPARES - INTERNAL SUSPENSION PARTS SC ONLY,,,
,,,,,,KITSUMA - AIR STROKE VOL REDUCER 7.5mm,Extra UK,,,Cane Creek,,,19.99,,CC SPARES - INTERNAL SUSPENSION PARTS SC ONLY,,,
,,,,,,KITSUMA - AIR STROKE VOLUME REDUCER 5mm,Extra UK,,,Cane Creek,,,19.99,,CC SPARES - INTERNAL SUSPENSION PARTS SC ONLY,,,
,,,,,,KITSUMA COIL - PRELOAD NUT O-RING 34x2mm,Extra UK,,,Cane Creek,,,1.49,,CC SPARES - INTERNAL SUSPENSION PARTS SC ONLY,,,
,,,,,,KITSUMA - AIR SEAL HEAD O-RING -132,Extra UK,,,Cane Creek,,,2.49,,CC SPARES - INTERNAL SUSPENSION PARTS SC ONLY,,,
,,,,,,KITSUMA - MAIN OIL PISTON SUBASSEMBLY,Extra UK,,,Cane Creek,,,22.99,,CC SPARES - INTERNAL SUSPENSION PARTS SC ONLY,,,
,,,,,,TIGON - INNER SHAFT 185/210mm,Extra UK,,,Cane Creek,,,19.99,,CC SPARES - INTERNAL SUSPENSION PARTS SC ONLY,,,
,,,,,,TIGON - INNER SHAFT 205/230mm,Extra UK,,,Cane Creek,,,19.99,,CC SPARES - INTERNAL SUSPENSION PARTS SC ONLY,,,
,,,,,,TIGON - OUTER SHAFT 185/210mm,Extra UK,,,Cane Creek,,,6.99,,CC SPARES - INTERNAL SUSPENSION PARTS SC ONLY,,,
,,,,,,TIGON - OUTER SHAFT 205/230mm,Extra UK,,,Cane Creek,,,6.99,,CC SPARES - INTERNAL SUSPENSION PARTS SC ONLY,,,
,,,,,,TIGON - DAMPER TUBE 185/210mm,Extra UK,,,Cane Creek,,,24.99,,CC SPARES - INTERNAL SUSPENSION PARTS SC ONLY,,,
,,,,,,TIGON - DAMPER TUBE 205/230mm,Extra UK,,,Cane Creek,,,27.99,,CC SPARES - INTERNAL SUSPENSION PARTS SC ONLY,,,
,,,,,,TIGON - RAMP TUBE 185/210mm,Extra UK,,,Cane Creek,,,27.99,,CC SPARES - INTERNAL SUSPENSION PARTS SC ONLY,,,
,,,,,,TIGON - RAMP TUBE 205/230mm,Extra UK,,,Cane Creek,,,32.99,,CC SPARES - INTERNAL SUSPENSION PARTS SC ONLY,,,
,,,,,,TIGON - RAMP TUBE WIPER,Extra UK,,,Cane Creek,,,6.99,,CC SPARES - INTERNAL SUSPENSION PARTS SC ONLY,,,
,,,,,,TIGON - INNER MEGA RES TUBE,Extra UK,,,Cane Creek,,,8.99,,CC SPARES - INTERNAL SUSPENSION PARTS SC ONLY,,,
,,,,,,TIGON - IFP,Extra UK,,,Cane Creek,,,5.99,,CC SPARES - INTERNAL SUSPENSION PARTS SC ONLY,,,
,,,,,,TIGON - MAIN PISTON 0.5mm PRELOAD,Extra UK,,,Cane Creek,,,5.99,,CC SPARES - INTERNAL SUSPENSION PARTS SC ONLY,,,
,,,,,,TIGON - TOP OUT SPRING,Extra UK,,,Cane Creek,,,2.99,,CC SPARES - INTERNAL SUSPENSION PARTS SC ONLY,,,
,,,,,,TIGON - TOP OUT SPRING RETAINER,Extra UK,,,Cane Creek,,,4.49,,CC SPARES - INTERNAL SUSPENSION PARTS SC ONLY,,,
,,,,,,TIGON - CS LEVER,Extra UK,,,Cane Creek,,,8.99,,CC SPARES - INTERNAL SUSPENSION PARTS SC ONLY,,,
,,,,,,TIGON - REBOUND CHECK PISTON SUBASSEMBLY,Extra UK,,,Cane Creek,,,4.49,,CC SPARES - INTERNAL SUSPENSION PARTS SC ONLY,,,
,,,,,,EE RM LEGACY LINK SPOKE TI SWIVEL,Extra UK,,,Cane Creek,,,12.99,,CC SPARES - COMPONENTS,,,
,,,,,,EE DM LEGACY LINK LONG ADJUSTER,Extra UK,,,Cane Creek,,,12.99,,CC SPARES - COMPONENTS,,,
,,,,,,EE DM ARM AXLE REAR - LEVER G4,Extra UK,,,Cane Creek,,,9.99,,CC SPARES - COMPONENTS,,,
,,,,,,EE DM ARM AXLE REAR - STRUT G4,Extra UK,,,Cane Creek,,,9.99,,CC SPARES - COMPONENTS,,,
,,,,,,EE BRAKE CABLE BOLT TI T25,Extra UK,,,Cane Creek,,,4.99,,CC SPARES - COMPONENTS,,,
,,,,,,EE MAIN SPRING G4,Extra UK,,,Cane Creek,,,9.99,,CC SPARES - COMPONENTS,,,
,,,,,,EE RM ARM AXLE - STRUT G4,Extra UK,,,Cane Creek,,,9.99,,CC SPARES - COMPONENTS,,,
,,,,,,C/CRK 70 H/BENDER - IS42/IS52 H/SET BLUE,Extra UK,,,Cane Creek,,,109.99,,CC HEADSETS,,,
,,,,,,C/CRK 70 H/BENDER - IS42/IS52 H/SET RED,Extra UK,,,Cane Creek,,,109.99,,CC HEADSETS,,,
,,,,,,EESILK STEM FACEPLATE KIT,Extra UK,,,Cane Creek,,,34.99,,CC SPARES - COMPONENTS,,,
,,,,,,KITSUMA COIL - ADJUSTMENT NUT & O-RING,Extra UK,,,Cane Creek,,,24.99,,CC SPARES - INTERNAL SUSPENSION PARTS SC ONLY,,,
,,,,,,KITSUMA - RESERVOIR END SUBASSEMBLY ,Extra UK,,,Cane Creek,,,10.99,,CC SPARES - INTERNAL SUSPENSION PARTS SC ONLY,,,
,,,,,,KITSUMA - AIR - TRUNNION - 205/65 - G2,Extra UK,,,Cane Creek,,,749.99,,CC SHOCKS,,,
,,,,,,CCDB TORX BOLT M4 0.7x6mm,Extra UK,,,Cane Creek,,,5.99,,CC SPARES - INTERNAL SUSPENSION PARTS SC ONLY,,,
,,,,,,CCDB QUADRING SEAL HEAD,Extra UK,,,Cane Creek,,,4.49,,CC SPARES - INTERNAL SUSPENSION PARTS SC ONLY,,,
,,,,,,CB PEDAL REFRESH KIT LEVEL 11,Extra UK,,,Crankbrothers,,,29.99,,CRANKBRS - PD CLEATS,,,
,,,,,,CB S/POST HLINE XCG SERVICE KIT,Extra UK,,,Crankbrothers,,,24.99,,CRNK - SPARES S/POST,,,
,,,,,,CB PDL BASH RING,Extra UK,,,Crankbrothers,,,1.99,,CRNK - SPARES PEDL,,,
,,,,,,CB PDL BEARING INNER STAMP 16,Extra UK,,,Crankbrothers,,,1.99,,CRNK - SPARES PEDL,,,
,,,,,,CB PDL BEARING OUTER DOUBLE SHOT 16094,Extra UK,,,Crankbrothers,,,1.99,,CRNK - SPARES PEDL,,,
,,,,,,CB PDL BEARING OUTER STAMP 16,Extra UK,,,Crankbrothers,,,1.99,,CRNK - SPARES PEDL,,,
,,,,,,CB PDL BEARING RETAINER STAMP,Extra UK,,,Crankbrothers,,,1.99,,CRNK - SPARES PEDL,,,
,,,,,,CB PDL BEARING SPACER PLASTIC NXT/G,Extra UK,,,Crankbrothers,,,1.99,,CRNK - SPARES PEDL,,,
,,,,,,CB PDL BODY CANDY 1 BLACK,Extra UK,,,Crankbrothers,,,3.99,,CRNK - SPARES PEDL,,,
,,,,,,CB PDL BODY CANDY 1 BLUE,Extra UK,,,Crankbrothers,,,3.99,,CRNK - SPARES PEDL,,,
,,,,,,CB PDL BODY CANDY 1 PINK,Extra UK,,,Crankbrothers,,,3.99,,CRNK - SPARES PEDL,,,
,,,,,,CB PDL BODY CANDY 1 RED,Extra UK,,,Crankbrothers,,,3.99,,CRNK - SPARES PEDL,,,
,,,,,,CB PDL BODY CANDY 2 GREEN,Extra UK,,,Crankbrothers,,,19.99,,CRNK - SPARES PEDL,,,
,,,,,,CB PDL BODY CANDY 2 GREY,Extra UK,,,Crankbrothers,,,19.99,,CRNK - SPARES PEDL,,,
,,,,,,CB PDL BODY CANDY 3 BLACK,Extra UK,,,Crankbrothers,,,19.99,,CRNK - SPARES PEDL,,,
,,,,,,CB PDL BODY CANDY 3 LIGHT BLUE,Extra UK,,,Crankbrothers,,,19.99,,CRNK - SPARES PEDL,,,
,,,,,,CB PDL BODY CANDY 3 RED,Extra UK,,,Crankbrothers,,,19.99,,CRNK - SPARES PEDL,,,
,,,,,,CB PDL BODY CANDY BLK,Extra UK,,,Crankbrothers,,,2.99,,CRNK - SPARES PEDL,,,
,,,,,,CB PDL BODY CANDY BLUE,Extra UK,,,Crankbrothers,,,2.99,,CRNK - SPARES PEDL,,,
,,,,,,CB PDL BODY CANDY ORANGE,Extra UK,,,Crankbrothers,,,2.99,,CRNK - SPARES PEDL,,,
,,,,,,CB PDL BODY DOUBLE SHOT CLIP BLK,Extra UK,,,Crankbrothers,,,4.99,,CRNK - SPARES PEDL,,,
,,,,,,CB PDL BODY DOUBLE SHOT CLIP RAW,Extra UK,,,Crankbrothers,,,4.99,,CRNK - SPARES PEDL,,,
,,,,,,CB PDL BODY DOUBLE SHOT FLAT BLK,Extra UK,,,Crankbrothers,,,4.99,,CRNK - SPARES PEDL,,,
,,,,,,CB PDL BODY DOUBLE SHOT FLAT ORG,Extra UK,,,Crankbrothers,,,4.99,,CRNK - SPARES PEDL,,,
,,,,,,CB PDL BODY EGGB 1 NXT/G,Extra UK,,,Crankbrothers,,,9.99,,CRNK - SPARES PEDL,,,
,,,,,,CB PDL BODY EGGB TI,Extra UK,,,Crankbrothers,,,59.99,,CRNK - SPARES PEDL,,,
,,,,,,CB PDL BODY EGGB TI BLK,Extra UK,,,Crankbrothers,,,99.99,,CRNK - SPARES PEDL,,,
,,,,,,CB PDL BODY INNER 5050 NXT/G BLK L,Extra UK,,,Crankbrothers,,,9.99,,CRNK - SPARES PEDL,,,
,,,,,,CB PDL BODY INNER 5050 NXT/G BLK R,Extra UK,,,Crankbrothers,,,9.99,,CRNK - SPARES PEDL,,,
,,,,,,CB PDL BODY INNER CANDY 16 BLK L,Extra UK,,,Crankbrothers,,,9.99,,CRNK - SPARES PEDL,,,
,,,,,,CB PDL BODY INNER CANDY 16 BLK R,Extra UK,,,Crankbrothers,,,9.99,,CRNK - SPARES PEDL,,,
,,,,,,CB PDL BODY INNER CANDY 16 GLD L,Extra UK,,,Crankbrothers,,,9.99,,CRNK - SPARES PEDL,,,
,,,,,,CB PDL BODY INNER CANDY 16 GLD R,Extra UK,,,Crankbrothers,,,9.99,,CRNK - SPARES PEDL,,,
,,,,,,CB PDL BODY INNER CANDY 16 RED L,Extra UK,,,Crankbrothers,,,9.99,,CRNK - SPARES PEDL,,,
,,,,,,CB PDL BODY INNER CANDY 16 RED R,Extra UK,,,Crankbrothers,,,9.99,,CRNK - SPARES PEDL,,,
,,,,,,CB PDL BODY INNER CANDY BLK,Extra UK,,,Crankbrothers,,,9.99,,CRNK - SPARES PEDL,,,
,,,,,,CB PDL BODY INNER CANDY BLUE,Extra UK,,,Crankbrothers,,,9.99,,CRNK - SPARES PEDL,,,
,,,,,,CB PDL BODY INNER CANDY GOLD,Extra UK,,,Crankbrothers,,,9.99,,CRNK - SPARES PEDL,,,
,,,,,,CB PDL BODY INNER CANDY ORNG,Extra UK,,,Crankbrothers,,,9.99,,CRNK - SPARES PEDL,,,
,,,,,,CB PDL BODY INNER CANDY RED,Extra UK,,,Crankbrothers,,,9.99,,CRNK - SPARES PEDL,,,
,,,,,,CB PDL BODY INNER CANDY SLVR,Extra UK,,,Crankbrothers,,,9.99,,CRNK - SPARES PEDL,,,
,,,,,,CB PDL BODY INNER MALLET 2 DIE CAST,Extra UK,,,Crankbrothers,,,9.99,,CRNK - SPARES PEDL,,,
,,,,,,CB PDL BODY INNER MALLET 2/3 NXT/G BLK,Extra UK,,,Crankbrothers,,,9.99,,CRNK - SPARES PEDL,,,
,,,,,,CB PDL BODY INNER MALLET E BLK L,Extra UK,,,Crankbrothers,,,19.99,,CRNK - SPARES PEDL,,,
,,,,,,CB PDL BODY INNER MALLET E BLK R,Extra UK,,,Crankbrothers,,,19.99,,CRNK - SPARES PEDL,,,
,,,,,,CB PDL BODY INNER MALLET E BLU L,Extra UK,,,Crankbrothers,,,19.99,,CRNK - SPARES PEDL,,,
,,,,,,CB PDL BODY INNER MALLET E BLU R,Extra UK,,,Crankbrothers,,,19.99,,CRNK - SPARES PEDL,,,
,,,,,,CB PDL BODY MALLET DH RACE BLACK L,Extra UK,,,Crankbrothers,,,39.99,,CRNK - SPARES PEDL,,,
,,,,,,CB PDL BODY MALLET DH RACE BLACK L V2,Extra UK,,,Crankbrothers,,,39.99,,CRNK - SPARES PEDL,,,
,,,,,,CB PDL BODY MALLET DH RACE BLACK R,Extra UK,,,Crankbrothers,,,39.99,,CRNK - SPARES PEDL,,,
,,,,,,CB PDL BODY MALLET DH RACE BLACK R V2,Extra UK,,,Crankbrothers,,,39.99,,CRNK - SPARES PEDL,,,
,,,,,,CB PDL BODY MALLET DH RACE RED R,Extra UK,,,Crankbrothers,,,39.99,,CRNK - SPARES PEDL,,,
,,,,,,CB PDL BODY OUTER CANDY 16 BLK L,Extra UK,,,Crankbrothers,,,9.99,,CRNK - SPARES PEDL,,,
,,,,,,CB PDL BODY OUTER CANDY 16 BLK R,Extra UK,,,Crankbrothers,,,9.99,,CRNK - SPARES PEDL,,,
,,,,,,CB PDL BODY OUTER CANDY 16 GLD L,Extra UK,,,Crankbrothers,,,9.99,,CRNK - SPARES PEDL,,,
,,,,,,CB PDL BODY OUTER CANDY 16 GLD R,Extra UK,,,Crankbrothers,,,9.99,,CRNK - SPARES PEDL,,,
,,,,,,CB PDL BODY OUTER CANDY 16 PNK L,Extra UK,,,Crankbrothers,,,9.99,,CRNK - SPARES PEDL,,,
,,,,,,CB PDL BODY OUTER CANDY 16 PNK R,Extra UK,,,Crankbrothers,,,9.99,,CRNK - SPARES PEDL,,,
,,,,,,CB PDL BODY OUTER CANDY 16 RED L,Extra UK,,,Crankbrothers,,,9.99,,CRNK - SPARES PEDL,,,
,,,,,,CB PDL BODY OUTER CANDY 16 RED R,Extra UK,,,Crankbrothers,,,9.99,,CRNK - SPARES PEDL,,,
,,,,,,CB PDL BODY OUTER CANDY BLUE,Extra UK,,,Crankbrothers,,,9.99,,CRNK - SPARES PEDL,,,
,,,,,,CB PDL BODY OUTER CANDY GOLD,Extra UK,,,Crankbrothers,,,9.99,,CRNK - SPARES PEDL,,,
,,,,,,CB PDL BODY OUTER CANDY GREEN,Extra UK,,,Crankbrothers,,,9.99,,CRNK - SPARES PEDL,,,
,,,,,,CB PDL BODY OUTER CANDY ORNG,Extra UK,,,Crankbrothers,,,9.99,,CRNK - SPARES PEDL,,,
,,,,,,CB PDL BODY OUTER CANDY RED,Extra UK,,,Crankbrothers,,,9.99,,CRNK - SPARES PEDL,,,
,,,,,,CB PDL BODY OUTER CANDY SLVR,Extra UK,,,Crankbrothers,,,9.99,,CRNK - SPARES PEDL,,,
,,,,,,CB PDL BODY OUTER MALLET 2 GREEN,Extra UK,,,Crankbrothers,,,19.99,,CRNK - SPARES PEDL,,,
,,,,,,CB PDL BODY OUTER MALLET 2 SILVER,Extra UK,,,Crankbrothers,,,19.99,,CRNK - SPARES PEDL,,,
,,,,,,CB PDL BODY OUTER MALLET 2/3 NXT/G ORNG,Extra UK,,,Crankbrothers,,,19.99,,CRNK - SPARES PEDL,,,
,,,,,,CB PDL BODY OUTER MALLET 2/3 NXT/G RED,Extra UK,,,Crankbrothers,,,19.99,,CRNK - SPARES PEDL,,,
,,,,,,CB PDL BODY OUTER MALLET E BLK L,Extra UK,,,Crankbrothers,,,19.99,,CRNK - SPARES PEDL,,,
,,,,,,CB PDL BODY OUTER MALLET E BLK R,Extra UK,,,Crankbrothers,,,19.99,,CRNK - SPARES PEDL,,,
,,,,,,CB PDL BODY OUTER MALLET E BLU L,Extra UK,,,Crankbrothers,,,19.99,,CRNK - SPARES PEDL,,,
,,,,,,CB PDL BODY OUTER MALLET E BLU R,Extra UK,,,Crankbrothers,,,19.99,,CRNK - SPARES PEDL,,,
,,,,,,CB PDL BODY SCREW STAMP 16,Extra UK,,,Crankbrothers,,,1,,CRNK - SPARES PEDL,,,
,,,,,,CB PDL BODY STAMP 16 LARGE BLK L,Extra UK,,,Crankbrothers,,,44.99,,CRNK - SPARES PEDL,,,
,,,,,,CB PDL BODY STAMP 16 LARGE BLK R,Extra UK,,,Crankbrothers,,,44.99,,CRNK - SPARES PEDL,,,
,,,,,,CB PDL BODY STAMP 16 LARGE RED L,Extra UK,,,Crankbrothers,,,44.99,,CRNK - SPARES PEDL,,,
,,,,,,CB PDL BODY STAMP 16 LARGE RED R,Extra UK,,,Crankbrothers,,,44.99,,CRNK - SPARES PEDL,,,
,,,,,,CB PDL BODY STAMP 16 SMALL BLK L,Extra UK,,,Crankbrothers,,,44.99,,CRNK - SPARES PEDL,,,
,,,,,,CB PDL BODY STAMP 16 SMALL BLK R,Extra UK,,,Crankbrothers,,,44.99,,CRNK - SPARES PEDL,,,
,,,,,,CB PDL BODY STAMP 16 SMALL RED L,Extra UK,,,Crankbrothers,,,44.99,,CRNK - SPARES PEDL,,,
,,,,,,CB PDL BODY STAMP 16 SMALL RED R,Extra UK,,,Crankbrothers,,,44.99,,CRNK - SPARES PEDL,,,
,,,,,,CB PDL BODY STAMP 3 BLACK LARGE RIGHT,Extra UK,,,Crankbrothers,,,39.99,,CRNK - SPARES PEDL,,,
,,,,,,CB PDL BODY STAMP 3 BLACK SMALL LEFT,Extra UK,,,Crankbrothers,,,39.99,,CRNK - SPARES PEDL,,,
,,,,,,CB PDL BODY STAMP 3 BLACK SMALL RIGHT,Extra UK,,,Crankbrothers,,,39.99,,CRNK - SPARES PEDL,,,
,,,,,,CB PDL BODY STAMP 3 BLUE LARGE LEFT,Extra UK,,,Crankbrothers,,,39.99,,CRNK - SPARES PEDL,,,
,,,,,,CB PDL BODY STAMP 3 BLUE LARGE RIGHT,Extra UK,,,Crankbrothers,,,39.99,,CRNK - SPARES PEDL,,,
,,,,,,CB PDL BUSHING,Extra UK,,,Crankbrothers,,,1,,CRNK - SPARES PEDL,,,
,,,,,,CB PDL BUSHING SLEEVE INNER NXT/G,Extra UK,,,Crankbrothers,,,1,,CRNK - SPARES PEDL,,,
,,,,,,CB PDL BUSHING SLEEVE OUTER NXT/G,Extra UK,,,Crankbrothers,,,1,,CRNK - SPARES PEDL,,,
,,,,,,CB PDL BUSHING SPINDLE NXT/G,Extra UK,,,Crankbrothers,,,1,,CRNK - SPARES PEDL,,,
,,,,,,CB PDL COLOR RING EGGB BLUE,Extra UK,,,Crankbrothers,,,1,,CRNK - SPARES PEDL,,,
,,,,,,CB PDL COLOR RING EGGB GOLD,Extra UK,,,Crankbrothers,,,1,,CRNK - SPARES PEDL,,,
,,,,,,CB PDL COLOR RING EGGB RED,Extra UK,,,Crankbrothers,,,1,,CRNK - SPARES PEDL,,,
,,,,,,CB PDL END CAP DOUBLE SHOT,Extra UK,,,Crankbrothers,,,1,,CRNK - SPARES PEDL,,,
,,,,,,CB PDL END CAP HEX 16 BLK,Extra UK,,,Crankbrothers,,,1.99,,CRNK - SPARES PEDL,,,
,,,,,,CB PDL END CAP HEX BLUE,Extra UK,,,Crankbrothers,,,1.99,,CRNK - SPARES PEDL,,,
,,,,,,CB PDL END CAP HEX CANDY 16 BLK,Extra UK,,,Crankbrothers,,,1.99,,CRNK - SPARES PEDL,,,
,,,,,,CB PDL END CAP HEX GOLD,Extra UK,,,Crankbrothers,,,1.99,,CRNK - SPARES PEDL,,,
,,,,,,CB PDL END CAP HEX RED,Extra UK,,,Crankbrothers,,,1.99,,CRNK - SPARES PEDL,,,
,,,,,,CB PDL INSERT CANDY 16 SILVER,Extra UK,,,Crankbrothers,,,1.99,,CRNK - SPARES PEDL,,,
,,,,,,CB PDL INSERT MALLET 16 SILVER,Extra UK,,,Crankbrothers,,,1.99,,CRNK - SPARES PEDL,,,
,,,,,,CB PDL LOGO BADGE DOUBLE SHOT,Extra UK,,,Crankbrothers,,,1,,CRNK - SPARES PEDL,,,
,,,,,,CB PDL NUT SPINDLE,Extra UK,,,Crankbrothers,,,1,,CRNK - SPARES PEDL,,,
,,,,,,CB PDL NUT SPINDLE 5050 XX,Extra UK,,,Crankbrothers,,,1,,CRNK - SPARES PEDL,,,
,,,,,,CB PDL O RING OUTER STAMP 16,Extra UK,,,Crankbrothers,,,0.5,,CRNK - SPARES PEDL,,,
,,,,,,CB PDL O RING STAMP 16,Extra UK,,,Crankbrothers,,,0.5,,CRNK - SPARES PEDL,,,
,,,,,,CB PDL RETAINING RING,Extra UK,,,Crankbrothers,,,1,,CRNK - SPARES PEDL,,,
,,,,,,CB PDL RING EB ORANGE,Extra UK,,,Crankbrothers,,,1,,CRNK - SPARES PEDL,,,
,,,,,,CB PDL SCREW DOUBLE SHOT,Extra UK,,,Crankbrothers,,,1,,CRNK - SPARES PEDL,,,
,,,,,,CB PDL SCREW GREASE PORT STAMP 16,Extra UK,,,Crankbrothers,,,1,,CRNK - SPARES PEDL,,,
,,,,,,CB PDL SCREW M5x.8x50,Extra UK,,,Crankbrothers,,,1,,CRNK - SPARES PEDL,,,
,,,,,,CB PDL SEAL EXTERNAL,Extra UK,,,Crankbrothers,,,1,,CRNK - SPARES PEDL,,,
,,,,,,CB PDL SEAL EXTERNAL STAMP 16,Extra UK,,,Crankbrothers,,,1,,CRNK - SPARES PEDL,,,
,,,,,,CB PDL SEAL RING EGGB LARGE,Extra UK,,,Crankbrothers,,,1,,CRNK - SPARES PEDL,,,
,,,,,,CB PDL SEAL RING EGGB SMALL,Extra UK,,,Crankbrothers,,,1,,CRNK - SPARES PEDL,,,
,,,,,,CB PDL SEAL SPINDLE NEXT GEN,Extra UK,,,Crankbrothers,,,1,,CRNK - SPARES PEDL,,,
,,,,,,CB PDL SEAL SPINDLE NXT/G,Extra UK,,,Crankbrothers,,,1,,CRNK - SPARES PEDL,,,
,,,,,,CB PDL SLEEVE CANDY/EGGB,Extra UK,,,Crankbrothers,,,1,,CRNK - SPARES PEDL,,,
,,,,,,CB PDL SLEEVE EGGB,Extra UK,,,Crankbrothers,,,7.99,,CRNK - SPARES PEDL,,,
,,,,,,CB PDL SLEEVE EGGB TI,Extra UK,,,Crankbrothers,,,59.99,,CRNK - SPARES PEDL,,,
,,,,,,CB PDL SPINDLE MALLET DH RACE LONG L,Extra UK,,,Crankbrothers,,,4.99,,CRNK - SPARES PEDL,,,
,,,,,,CB PDL SPINDLE MALLET DH RACE LONG R,Extra UK,,,Crankbrothers,,,4.99,,CRNK - SPARES PEDL,,,
,,,,,,CB PDL SPINDLE NXT/G L,Extra UK,,,Crankbrothers,,,4.99,,CRNK - SPARES PEDL,,,
,,,,,,CB PDL SPINDLE NXT/G R,Extra UK,,,Crankbrothers,,,4.99,,CRNK - SPARES PEDL,,,
,,,,,,CB PDL SPINDLE STAMP 16 L,Extra UK,,,Crankbrothers,,,9.99,,CRNK - SPARES PEDL,,,
,,,,,,CB PDL SPINDLE STAMP 16 R,Extra UK,,,Crankbrothers,,,9.99,,CRNK - SPARES PEDL,,,
,,,,,,CB PDL SPINDLE TI L,Extra UK,,,Crankbrothers,,,49.99,,CRNK - SPARES PEDL,,,
,,,,,,CB PDL SPINDLE TI R,Extra UK,,,Crankbrothers,,,49.99,,CRNK - SPARES PEDL,,,
,,,,,,CB PDL SPINDLE V2 C LONG BLK R,Extra UK,,,Crankbrothers,,,2.55,,CRNK - SPARES PEDL,,,
,,,,,,CB PDL SPRING BLK,Extra UK,,,Crankbrothers,,,1.99,,CRNK - SPARES PEDL,,,
,,,,,,CB PDL SPRING BLUE,Extra UK,,,Crankbrothers,,,1.99,,CRNK - SPARES PEDL,,,
,,,,,,CB PDL SPRING BLUE V2,Extra UK,,,Crankbrothers,,,1.99,,CRNK - SPARES PEDL,,,
,,,,,,CB PDL SPRING GOLD,Extra UK,,,Crankbrothers,,,1.99,,CRNK - SPARES PEDL,,,
,,,,,,CB PDL SPRING GREEN,Extra UK,,,Crankbrothers,,,1.99,,CRNK - SPARES PEDL,,,
,,,,,,CB PDL SPRING GREY,Extra UK,,,Crankbrothers,,,1.99,,CRNK - SPARES PEDL,,,
,,,,,,CB PDL SPRING LONG NATURAL,Extra UK,,,Crankbrothers,,,1.99,,CRNK - SPARES PEDL,,,
,,,,,,CB PDL SPRING PINK,Extra UK,,,Crankbrothers,,,1.99,,CRNK - SPARES PEDL,,,
,,,,,,CB PDL SPRING RED,Extra UK,,,Crankbrothers,,,1.99,,CRNK - SPARES PEDL,,,
,,,,,,CB PDL TRACTION PAD CANDY 16 1mm,Extra UK,,,Crankbrothers,,,1,,CRNK - SPARES PEDL,,,
,,,,,,CB PDL TRACTION PAD CANDY 16 2mm,Extra UK,,,Crankbrothers,,,1,,CRNK - SPARES PEDL,,,
,,,,,,CB PDL TRACTION PAD INNER MALLET E 1mm,Extra UK,,,Crankbrothers,,,1,,CRNK - SPARES PEDL,,,
,,,,,,CB PDL TRACTION PAD INNER MALLET E 2mm,Extra UK,,,Crankbrothers,,,1,,CRNK - SPARES PEDL,,,
,,,,,,CB PDL TRACTION PAD OUTER MALLET E 1mm,Extra UK,,,Crankbrothers,,,1,,CRNK - SPARES PEDL,,,
,,,,,,CB PDL WASHER CURVED .25MM,Extra UK,,,Crankbrothers,,,0.5,,CRNK - SPARES PEDL,,,
,,,,,,CB PDL WING INNER CAST,Extra UK,,,Crankbrothers,,,4.99,,CRNK - SPARES PEDL,,,
,,,,,,CB PDL WING INNER CAST TI,Extra UK,,,Crankbrothers,,,39.99,,CRNK - SPARES PEDL,,,
,,,,,,CB PDL WING INNER DOUBLE SHOT STAMPED,Extra UK,,,Crankbrothers,,,2.99,,CRNK - SPARES PEDL,,,
,,,,,,CB PDL WING INNER EB TI,Extra UK,,,Crankbrothers,,,49.99,,CRNK - SPARES PEDL,,,
,,,,,,CB PDL WING INNER STAMPED,Extra UK,,,Crankbrothers,,,3.99,,CRNK - SPARES PEDL,,,
,,,,,,CB PDL WING INNER TI,Extra UK,,,Crankbrothers,,,39.99,,CRNK - SPARES PEDL,,,
,,,,,,CB PDL WING OUTER CANDY TI,Extra UK,,,Crankbrothers,,,39.99,,CRNK - SPARES PEDL,,,
,,,,,,CB PDL WING OUTER CAST,Extra UK,,,Crankbrothers,,,9.99,,CRNK - SPARES PEDL,,,
,,,,,,CB PDL WING OUTER CAST TI,Extra UK,,,Crankbrothers,,,39.99,,CRNK - SPARES PEDL,,,
,,,,,,CB PDL WING OUTER DOUBLE SHOT STAMPED,Extra UK,,,Crankbrothers,,,2.99,,CRNK - SPARES PEDL,,,
,,,,,,CB PUMP REBUILD KIT GEM,Extra UK,,,Crankbrothers,,,1,,CRNK - SPARES MISC,,,
,,,,,,CB PUMP REBUILD KIT STERLING,Extra UK,,,Crankbrothers,,,1.99,,CRNK - SPARES MISC,,,
,,,,,,CB S/POST CLAMP NUT,Extra UK,,,Crankbrothers,,,0.85,,CRNK - SPARES S/POST,,,
,,,,,,CB S/POST HIGHLINE BARREL NUT,Extra UK,,,Crankbrothers,,,4.99,,CRNK - SPARES S/POST,,,
,,,,,,CB S/POST HIGHLINE BODY 30.9,Extra UK,,,Crankbrothers,,,49.99,,CRNK - SPARES S/POST,,,
,,,,,,CB S/POST HIGHLINE BODY 31.6,Extra UK,,,Crankbrothers,,,49.99,,CRNK - SPARES S/POST,,,
,,,,,,CB S/POST HIGHLINE BUSHING LOWER,Extra UK,,,Crankbrothers,,,4.99,,CRNK - SPARES S/POST,,,
,,,,,,CB S/POST HIGHLINE CRADLE LOWER,Extra UK,,,Crankbrothers,,,6.99,,CRNK - SPARES S/POST,,,
,,,,,,CB S/POST HIGHLINE CRADLE UPPER,Extra UK,,,Crankbrothers,,,9.99,,CRNK - SPARES S/POST,,,
,,,,,,CB S/POST HIGHLINE CRADLE WASHER,Extra UK,,,Crankbrothers,,,1.99,,CRNK - SPARES S/POST,,,
,,,,,,CB S/POST HIGHLINE CRTDGE ASSY 100MM,Extra UK,,,Crankbrothers,,,69.99,,CRNK - SPARES S/POST,,,
,,,,,,CB S/POST HIGHLINE CRTDGE ASSY 100mm V2,Extra UK,,,Crankbrothers,,,69.99,,CRNK - SPARES S/POST,,,
,,,,,,CB S/POST HIGHLINE CRTDGE ASSY 125mm V2,Extra UK,,,Crankbrothers,,,69.99,,CRNK - SPARES S/POST,,,
,,,,,,CB S/POST HIGHLINE CRTDGE ASSY 150mm V2,Extra UK,,,Crankbrothers,,,69.99,,CRNK - SPARES S/POST,,,
,,,,,,CB S/POST HIGHLINE CRTDGE ASSY 170mm V2,Extra UK,,,Crankbrothers,,,69.99,,CRNK - SPARES S/POST,,,
,,,,,,CB S/POST HIGHLINE CRTDGE ASSY 20.2,Extra UK,,,Crankbrothers,,,69.99,,CRNK - SPARES S/POST,,,
,,,,,,CB S/POST HIGHLINE CRTDGE VALVE ADAPT,Extra UK,,,Crankbrothers,,,1.99,,CRNK - SPARES S/POST,,,
,,,,,,CB S/POST HIGHLINE HOUSING,Extra UK,,,Crankbrothers,,,4.99,,CRNK - SPARES S/POST,,,
,,,,,,CB S/POST HIGHLINE KEY,Extra UK,,,Crankbrothers,,,1.99,,CRNK - SPARES S/POST,,,
,,,,,,CB S/POST HIGHLINE LOCKRING,Extra UK,,,Crankbrothers,,,4.99,,CRNK - SPARES S/POST,,,
,,,,,,CB S/POST HIGHLINE O RING 016,Extra UK,,,Crankbrothers,,,0.5,,CRNK - SPARES S/POST,,,
,,,,,,CB S/POST HIGHLINE QUILL ASSY,Extra UK,,,Crankbrothers,,,59.99,,CRNK - SPARES S/POST,,,
,,,,,,CB S/POST HIGHLINE RING SEAL ASSY,Extra UK,,,Crankbrothers,,,7.99,,CRNK - SPARES S/POST,,,
,,,,,,CB S/POST HIGHLINE SCREW,Extra UK,,,Crankbrothers,,,1.99,,CRNK - SPARES S/POST,,,
,,,,,,CB S/POST HIGHLINE SCREW M4x.7x6 2.5HEX,Extra UK,,,Crankbrothers,,,1,,CRNK - SPARES S/POST,,,
,,,,,,CB S/POST HIGHLINE SCREW M5x1x41 5HEX,Extra UK,,,Crankbrothers,,,1,,CRNK - SPARES S/POST,,,
,,,,,,CB S/POST HIGHLINE SCREW M6x1x35 5HEX,Extra UK,,,Crankbrothers,,,1,,CRNK - SPARES S/POST,,,
,,,,,,CB S/POST HIGHLINE SPRING,Extra UK,,,Crankbrothers,,,1,,CRNK - SPARES S/POST,,,
,,,,,,CB TOOL SCREW MULTI TOOL,Extra UK,,,Crankbrothers,,,1,,CRNK - SPARES MISC,,,
,,,,,,CB WHL AXLE FR COBALT,Extra UK,,,Crankbrothers,,,11.99,,CRNK - SPARES WHEEL,,,
,,,,,,CB WHL AXLE FR COBALT/IODINE BOOST 110MM,Extra UK,,,Crankbrothers,,,11.99,,CRNK - SPARES WHEEL,,,
,,,,,,CB WHL AXLE FR IODINE/OPIUM/SAGE,Extra UK,,,Crankbrothers,,,11.99,,CRNK - SPARES WHEEL,,,
,,,,,,CB WHL AXLE RR 150 L2/3,Extra UK,,,Crankbrothers,,,11.99,,CRNK - SPARES WHEEL,,,
,,,,,,CB WHL AXLE RR COBALT/IODINE BOOST 148MM,Extra UK,,,Crankbrothers,,,11.99,,CRNK - SPARES WHEEL,,,
,,,,,,CB WHL END CAP RR DS 142x12,Extra UK,,,Crankbrothers,,,9.99,,CRNK - SPARES WHEEL,,,
,,,,,,CB WHL END CAP RR D-SIDE 142 L2/3/11,Extra UK,,,Crankbrothers,,,9.99,,CRNK - SPARES WHEEL,,,
,,,,,,CB WHL END CAP RR D-SIDE 150,Extra UK,,,Crankbrothers,,,9.99,,CRNK - SPARES WHEEL,,,
,,,,,,CB WHL END CAP RR D-SIDE 150 L2/3,Extra UK,,,Crankbrothers,,,9.99,,CRNK - SPARES WHEEL,,,
,,,,,,CB WHL END CAP RR N/D-SIDE 135 L2,Extra UK,,,Crankbrothers,,,9.99,,CRNK - SPARES WHEEL,,,
,,,,,,CB WHL END CAP RR N/D-SIDE 142 L2/3/11,Extra UK,,,Crankbrothers,,,9.99,,CRNK - SPARES WHEEL,,,
,,,,,,CB WHL END CAP RR N/D-SIDE 150,Extra UK,,,Crankbrothers,,,9.99,,CRNK - SPARES WHEEL,,,
,,,,,,CB WHL END CAP RR N/D-SIDE 150 L2/3,Extra UK,,,Crankbrothers,,,9.99,,CRNK - SPARES WHEEL,,,
,,,,,,CB WHL END CAPS FR 20MM SLVR,Extra UK,,,Crankbrothers,,,19.99,,CRNK - SPARES WHEEL,,,
,,,,,,CB WHL END CAPS FR 9MM BLK,Extra UK,,,Crankbrothers,,,19.99,,CRNK - SPARES WHEEL,,,
,,,,,,CB WHL FREEHUB 135 LEVEL 2,Extra UK,,,Crankbrothers,,,14.99,,CRNK - SPARES WHEEL,,,
,,,,,,CB WHL FREEHUB 135mm L3/11,Extra UK,,,Crankbrothers,,,44.99,,CRNK - SPARES WHEEL,,,
,,,,,,CB WHL FREEHUB ALLOY FH-524 COBALT/IODIN,Extra UK,,,Crankbrothers,,,44.99,,CRNK - SPARES WHEEL,,,
,,,,,,CB WHL FREEHUB ALLOY FH-536 ZINC 11SP,Extra UK,,,Crankbrothers,,,44.99,,CRNK - SPARES WHEEL,,,
,,,,,,CB WHL FREEHUB RR 142/150mm L2,Extra UK,,,Crankbrothers,,,34.99,,CRNK - SPARES WHEEL,,,
,,,,,,CB WHL HUB FR COBALT 11 15mm BLK/GOLD,Extra UK,,,Crankbrothers,,,89.99,,CRNK - SPARES WHEEL,,,
,,,,,,CB WHL HUB FR COBALT 11 9mm BLK/GOLD,Extra UK,,,Crankbrothers,,,89.99,,CRNK - SPARES WHEEL,,,
,,,,,,CB WHL HUB FR COBALT 15mm BLK,Extra UK,,,Crankbrothers,,,89.99,,CRNK - SPARES WHEEL,,,
,,,,,,CB WHL HUB FR COBALT 15mm SLVR,Extra UK,,,Crankbrothers,,,89.99,,CRNK - SPARES WHEEL,,,
,,,,,,CB WHL HUB FR COBALT 9mm BLK,Extra UK,,,Crankbrothers,,,79.99,,CRNK - SPARES WHEEL,,,
,,,,,,CB WHL HUB FR COBALT 9mm SLVR,Extra UK,,,Crankbrothers,,,89.99,,CRNK - SPARES WHEEL,,,
,,,,,,CB WHL HUB FR COBALT GOLD,Extra UK,,,Crankbrothers,,,79.99,,CRNK - SPARES WHEEL,,,
,,,,,,CB WHL HUB FR IODINE 15mm BLK,Extra UK,,,Crankbrothers,,,89.99,,CRNK - SPARES WHEEL,,,
,,,,,,CB WHL HUB FR IODINE 15mm SLVR,Extra UK,,,Crankbrothers,,,79.99,,CRNK - SPARES WHEEL,,,
,,,,,,CB WHL HUB FR IODINE 20mm BLK,Extra UK,,,Crankbrothers,,,79.99,,CRNK - SPARES WHEEL,,,
,,,,,,CB WHL HUB FR IODINE 20mm SLVR,Extra UK,,,Crankbrothers,,,89.99,,CRNK - SPARES WHEEL,,,
,,,,,,CB WHL HUB FR L3 15mm BOOST BLK,Extra UK,,,Crankbrothers,,,89.99,,CRNK - SPARES WHEEL,,,
,,,,,,CB WHL HUB FR OPIUM 20mm GREY,Extra UK,,,Crankbrothers,,,79.99,,CRNK - SPARES WHEEL,,,
,,,,,,CB WHL HUB FR OPIUM GREY,Extra UK,,,Crankbrothers,,,79.99,,CRNK - SPARES WHEEL,,,
,,,,,,CB WHL HUB FR SAGE 20mm DARK SEPIA,Extra UK,,,Crankbrothers,,,79.99,,CRNK - SPARES WHEEL,,,
,,,,,,CB WHL HUB RR ALLOY 135mm L3 SLVR,Extra UK,,,Crankbrothers,,,149.99,,CRNK - SPARES WHEEL,,,
,,,,,,CB WHL HUB RR ALLOY 142mm L11 BLK/GOLD,Extra UK,,,Crankbrothers,,,149.99,,CRNK - SPARES WHEEL,,,
,,,,,,CB WHL HUB RR ALLOY 142mm L3 BLK,Extra UK,,,Crankbrothers,,,149.99,,CRNK - SPARES WHEEL,,,
,,,,,,CB WHL HUB RR STEEL 135mm L2 SLVR,Extra UK,,,Crankbrothers,,,119.99,,CRNK - SPARES WHEEL,,,
,,,,,,CB WHL HUB RR STEEL 150mm L2 DARK SEPIA,Extra UK,,,Crankbrothers,,,119.99,,CRNK - SPARES WHEEL,,,
,,,,,,CB WHL LOCK RING OPIUM SAGE 150mm,Extra UK,,,Crankbrothers,,,4.99,,CRNK - SPARES WHEEL,,,
,,,,,,CB WHL NIPPLE 139mm 3.2mm BLK,Extra UK,,,Crankbrothers,,,2.99,,CRNK - SPARES WHEEL,,,
,,,,,,CB WHL NIPPLE 139mm 3.2mm CHAMPAGNE,Extra UK,,,Crankbrothers,,,2.99,,CRNK - SPARES WHEEL,,,
,,,,,,CB WHL NIPPLE 139mm 3.2mm GOLD,Extra UK,,,Crankbrothers,,,2.99,,CRNK - SPARES WHEEL,,,
,,,,,,CB WHL NIPPLE 139mm 3.2mm GREEN,Extra UK,,,Crankbrothers,,,2.99,,CRNK - SPARES WHEEL,,,
,,,,,,CB WHL NIPPLE 139mm 3.2mm IRON,Extra UK,,,Crankbrothers,,,2.99,,CRNK - SPARES WHEEL,,,
,,,,,,CB WHL NIPPLE 139mm 3.2mm ORNG,Extra UK,,,Crankbrothers,,,2.99,,CRNK - SPARES WHEEL,,,
,,,,,,CB WHL NIPPLE 139mm 3.2mm SLV,Extra UK,,,Crankbrothers,,,2.99,,CRNK - SPARES WHEEL,,,
,,,,,,CB WHL NIPPLE COBALT 1 28MM BLK,Extra UK,,,Crankbrothers,,,1,,CRNK - SPARES WHEEL,,,
,,,,,,CB WHL NIPPLE COBALT 1 28MM RED,Extra UK,,,Crankbrothers,,,1,,CRNK - SPARES WHEEL,,,
,,,,,,CB WHL NIPPLE COBALT 1 28MM SLV,Extra UK,,,Crankbrothers,,,1,,CRNK - SPARES WHEEL,,,
,,,,,,CB WHL NIPPLE WASHER DELRIN,Extra UK,,,Crankbrothers,,,0.5,,CRNK - SPARES WHEEL,,,
,,,,,,CB WHL PAWL RING OPIUM SAGE 150mm,Extra UK,,,Crankbrothers,,,5.25,,CRNK - SPARES WHEEL,,,
,,,,,,CB WHL RIM COBALT 1 29 BLK,Extra UK,,,Crankbrothers,,,79.99,,CRNK - SPARES WHEEL,,,
,,,,,,CB WHL RIM COBALT 11 27.5 V2,Extra UK,,,Crankbrothers,,,449.99,,CRNK - SPARES WHEEL,,,
,,,,,,CB WHL RIM COBALT 11 29 V2,Extra UK,,,Crankbrothers,,,449.99,,CRNK - SPARES WHEEL,,,
,,,,,,CB WHL RIM COBALT 2 275 V21 BLK,Extra UK,,,Crankbrothers,,,124.99,,CRNK - SPARES WHEEL,,,
,,,,,,CB WHL RIM COBALT 2 29 BLK/GRY,Extra UK,,,Crankbrothers,,,124.99,,CRNK - SPARES WHEEL,,,
,,,,,,CB WHL RIM COBALT 2 29R V21 BLK,Extra UK,,,Crankbrothers,,,124.99,,CRNK - SPARES WHEEL,,,
,,,,,,CB WHL RIM COBALT 2 V21 BLK,Extra UK,,,Crankbrothers,,,124.99,,CRNK - SPARES WHEEL,,,
,,,,,,CB WHL RIM COBALT 3 27.5 BLK,Extra UK,,,Crankbrothers,,,124.99,,CRNK - SPARES WHEEL,,,
,,,,,,CB WHL RIM COBALT 3 27.5 BLK/BLK,Extra UK,,,Crankbrothers,,,124.99,,CRNK - SPARES WHEEL,,,
,,,,,,CB WHL RIM COBALT 3 29 BLK,Extra UK,,,Crankbrothers,,,124.99,,CRNK - SPARES WHEEL,,,
,,,,,,CB WHL RIM COBALT 3 29 BLK/BLK,Extra UK,,,Crankbrothers,,,124.99,,CRNK - SPARES WHEEL,,,
,,,,,,CB WHL RIM COBALT 3 29R V19 BLK/SLVR,Extra UK,,,Crankbrothers,,,124.99,,CRNK - SPARES WHEEL,,,
,,,,,,CB WHL RIM COBALT 3 V19 BLK/GOLD,Extra UK,,,Crankbrothers,,,124.99,,CRNK - SPARES WHEEL,,,
,,,,,,CB WHL RIM IODINE 2 27.5 BLK/SLV,Extra UK,,,Crankbrothers,,,124.99,,CRNK - SPARES WHEEL,,,
,,,,,,CB WHL RIM IODINE 2 275 V23 FLAT BLK,Extra UK,,,Crankbrothers,,,124.99,,CRNK - SPARES WHEEL,,,
,,,,,,CB WHL RIM IODINE 2 29 BLK,Extra UK,,,Crankbrothers,,,124.99,,CRNK - SPARES WHEEL,,,
,,,,,,CB WHL RIM IODINE 2 29 BLK/SLV,Extra UK,,,Crankbrothers,,,124.99,,CRNK - SPARES WHEEL,,,
,,,,,,CB WHL RIM IODINE 2 V23 FLAT BLK,Extra UK,,,Crankbrothers,,,124.99,,CRNK - SPARES WHEEL,,,
,,,,,,CB WHL RIM IODINE 3 27.5 BLK/BLU,Extra UK,,,Crankbrothers,,,124.99,,CRNK - SPARES WHEEL,,,
,,,,,,CB WHL RIM IODINE 3 275 V23 BLK/SLVR,Extra UK,,,Crankbrothers,,,124.99,,CRNK - SPARES WHEEL,,,
,,,,,,CB WHL RIM IODINE IRON,Extra UK,,,Crankbrothers,,,69.99,,CRNK - SPARES WHEEL,,,
,,,,,,CB WHL RIM IODINE ORANGE,Extra UK,,,Crankbrothers,,,69.99,,CRNK - SPARES WHEEL,,,
,,,,,,CB WHL RIM OPIUM 3 27.5 BLK,Extra UK,,,Crankbrothers,,,139.99,,CRNK - SPARES WHEEL,,,
,,,,,,CB WHL RIM OPIUM 3 V24 RED/SLVR,Extra UK,,,Crankbrothers,,,99.99,,CRNK - SPARES WHEEL,,,
,,,,,,CB WHL RIM OPIUM 3 V26 BLK/RED,Extra UK,,,Crankbrothers,,,124.99,,CRNK - SPARES WHEEL,,,
,,,,,,CB WHL RIM SAGE2 V24 GREEN,Extra UK,,,Crankbrothers,,,79.99,,CRNK - SPARES WHEEL,,,
,,,,,,CB WHL SEAL HUB RR D-SIDE 135mm L2,Extra UK,,,Crankbrothers,,,1.5,,CRNK - SPARES WHEEL,,,
,,,,,,CB WHL SEAL HUB RR D-SIDE 150mm L2/3,Extra UK,,,Crankbrothers,,,1.5,,CRNK - SPARES WHEEL,,,
,,,,,,CB WHL SEAL HUB RR N/D-SIDE 135 mm L2,Extra UK,,,Crankbrothers,,,1.5,,CRNK - SPARES WHEEL,,,
,,,,,,CB WHL SEAL HUB RR N/D-SIDE 135 mm L3,Extra UK,,,Crankbrothers,,,1,,CRNK - SPARES WHEEL,,,
,,,,,,CB WHL SEAL HUB RR N/D-SIDE 142 L2/3/1,Extra UK,,,Crankbrothers,,,1,,CRNK - SPARES WHEEL,,,
,,,,,,CB WHL SPOKE 2.0-1.7 147mm BLK,Extra UK,,,Crankbrothers,,,1,,CRNK - SPARES WHEEL,,,
,,,,,,CB WHL SPOKE 2.0-1.7 147mm SLV,Extra UK,,,Crankbrothers,,,1,,CRNK - SPARES WHEEL,,,
,,,,,,CB WHL SPOKE COBALT 1 279MM BLK,Extra UK,,,Crankbrothers,,,1,,CRNK - SPARES WHEEL,,,
,,,,,,CB WHL SPOKE COBALT 1 298MM BLK,Extra UK,,,Crankbrothers,,,1,,CRNK - SPARES WHEEL,,,
,,,,,,CB WHL SPOKE DB 2.0 - 1.6 S/STEEL,Extra UK,,,Crankbrothers,,,1,,CRNK - SPARES WHEEL,,,
,,,,,,CB WHL SPOKE DB 2.0-1.5 C11 SLVR,Extra UK,,,Crankbrothers,,,1,,CRNK - SPARES WHEEL,,,
,,,,,,CB WHL SPOKE DB 2.0-1.6 147mm SLVR,Extra UK,,,Crankbrothers,,,1,,CRNK - SPARES WHEEL,,,
,,,,,,CB WHL SPOKE DB 2.0-1.6 C3/11 SLVR 29R,Extra UK,,,Crankbrothers,,,1,,CRNK - SPARES WHEEL,,,
,,,,,,CB WHL SPOKE DB 2.0-1.8 134mm SLVR,Extra UK,,,Crankbrothers,,,1,,CRNK - SPARES WHEEL,,,
,,,,,,CB WHL SPOKE DB 2.0-1.8 138mm SLV,Extra UK,,,Crankbrothers,,,1,,CRNK - SPARES WHEEL,,,
,,,,,,CB WHL SPOKE DB 2.0-1.8 140mm BLK,Extra UK,,,Crankbrothers,,,1,,CRNK - SPARES WHEEL,,,
,,,,,,CB WHL SPOKE DB 2.0-1.8 147mm BLK V2,Extra UK,,,Crankbrothers,,,1,,CRNK - SPARES WHEEL,,,
,,,,,,CB WHL SPOKE DB 2.0-1.8 159mm BLK,Extra UK,,,Crankbrothers,,,1,,CRNK - SPARES WHEEL,,,
,,,,,,CB WHL SPOKE DB 2.0-1.8 166mm BLK,Extra UK,,,Crankbrothers,,,1,,CRNK - SPARES WHEEL,,,
,,,,,,CB WHL SPOKE DB 2.0-1.8 166mm SLVR,Extra UK,,,Crankbrothers,,,1,,CRNK - SPARES WHEEL,,,
,,,,,,CB WHL SPOKE DB 2.0-1.8 L2/3/11 SLVR 29R,Extra UK,,,Crankbrothers,,,1,,CRNK - SPARES WHEEL,,,
,,,,,,CB WHL SPOKE DB 2.0-1.8 L3 BLK 29R,Extra UK,,,Crankbrothers,,,1,,CRNK - SPARES WHEEL,,,
,,,,,,CB WHL SPOKE PG 2.0 132mm BLK,Extra UK,,,Crankbrothers,,,1,,CRNK - SPARES WHEEL,,,
,,,,,,CB WHL SPOKE PG 2.0 134mm BLK,Extra UK,,,Crankbrothers,,,1,,CRNK - SPARES WHEEL,,,
,,,,,,CB WHL SPOKE PG 2.0 143mm BLK,Extra UK,,,Crankbrothers,,,1,,CRNK - SPARES WHEEL,,,
,,,,,,CB WHL SPOKE PG 2.0 147mm BLK,Extra UK,,,Crankbrothers,,,1,,CRNK - SPARES WHEEL,,,
,,,,,,CB WHL SPOKE PG 2.0 166mm BLK,Extra UK,,,Crankbrothers,,,1,,CRNK - SPARES WHEEL,,,
,,,,,,CB WHL SPOKE PG 2.0 166mm SLVR,Extra UK,,,Crankbrothers,,,1,,CRNK - SPARES WHEEL,,,
,,,,,,CB WHL SPOKE PG 2.0 S/O L2/3 SLVR,Extra UK,,,Crankbrothers,,,1,,CRNK - SPARES WHEEL,,,
,,,,,,CB WHL SPOKE PG 2.0 S/STEEL,Extra UK,,,Crankbrothers,,,1,,CRNK - SPARES WHEEL,,,
,,,,,,CB WHL SPOKE PIN 3.2MM 3 HOLE GLD,Extra UK,,,Crankbrothers,,,3.99,,CRNK - SPARES WHEEL,,,
,,,,,,CB WHL SPOKE PIN 5.95mm 2 HOLE ORANGE,Extra UK,,,Crankbrothers,,,1,,CRNK - SPARES WHEEL,,,
,,,,,,CB WHL SPOKE PIN 5.95mm 3 HOLE BLK,Extra UK,,,Crankbrothers,,,1,,CRNK - SPARES WHEEL,,,
,,,,,,CB WHL SPOKE PIN 5.95mm 3 HOLE BLUE,Extra UK,,,Crankbrothers,,,1,,CRNK - SPARES WHEEL,,,
,,,,,,CB WHL SPOKE PIN 5.95mm 3 HOLE ORANGE,Extra UK,,,Crankbrothers,,,1,,CRNK - SPARES WHEEL,,,
,,,,,,CB WHL SPOKE PIN 5.95mm 3 HOLE RED,Extra UK,,,Crankbrothers,,,1,,CRNK - SPARES WHEEL,,,
,,,,,,CB WHL SPOKE PIN 5.95mm 3 HOLE SLVR,Extra UK,,,Crankbrothers,,,1,,CRNK - SPARES WHEEL,,,
,,,,,,CB WHL SPOKE PIN 5.95mm DIA BLK,Extra UK,,,Crankbrothers,,,1,,CRNK - SPARES WHEEL,,,
,,,,,,CB WHL SPOKE PIN 5.95mm DIA GOLD,Extra UK,,,Crankbrothers,,,1,,CRNK - SPARES WHEEL,,,
,,,,,,CB WHL VALVE STEM TUBELESS,Extra UK,,,Crankbrothers,,,4.99,,CRNK - SPARES WHEEL,,,
,,,,,,PART PEDAL BODY MALLET DH 11 LEFT COMPLETE BLACK/GOLD,Extra UK,,,Crankbrothers,,,49.99,,CRNK - SPARES PEDL,,,
,,,,,,PART PEDAL BODY MALLET DH 11 RIGHT COMPLETE BLACK/GOLD,Extra UK,,,Crankbrothers,,,49.99,,CRNK - SPARES PEDL,,,
,,,,,,PART PEDAL BODY MALLET DH RED LEFT COMPLETE RED,Extra UK,,,Crankbrothers,,,39.99,,CRNK - SPARES PEDL,,,
,,,,,,PART PEDAL BODY MALLET DH RED RIGHT COMPLETE RED,Extra UK,,,Crankbrothers,,,39.99,,CRNK - SPARES PEDL,,,
,,,,,,CRNKBROS PEDALS MALLET-E BLK/BLK LS,Extra UK,,,Crankbrothers,,,189.99,,CRANKBRS - PEDALS CLIP IN,,,
,,,,,,CRNKBROS PEDALS MALLET-E BLUE/BLUE LS,Extra UK,,,Crankbrothers,,,189.99,,CRANKBRS - PEDALS CLIP IN,,,
,,,,,,CB PDL BEARING ENDURO MAX 6-13-5,Extra UK,,,Crankbrothers,,,2.99,,CRNK - SPARES PEDL,,,
,,,,,,CB PDL BEARING IGUS STAMP 2/3 V2,Extra UK,,,Crankbrothers,,,0.99,,CRNK - SPARES PEDL,,,
,,,,,,CB PDL BEARING INNER STAMP 2/3 V2,Extra UK,,,Crankbrothers,,,1.99,,CRNK - SPARES PEDL,,,
,,,,,,CB PDL BEARING LOCKRING STAMP 2/3 V2,Extra UK,,,Crankbrothers,,,2.99,,CRNK - SPARES PEDL,,,
,,,,,,CB PDL BEARING OUTER STAMP 2/3 V2,Extra UK,,,Crankbrothers,,,1.99,,CRNK - SPARES PEDL,,,
,,,,,,CB PDL BEARING RETAINER STAMP 7/11 BLK,Extra UK,,,Crankbrothers,,,1.99,,CRNK - SPARES PEDL,,,
,,,,,,CB PDL CLEAT WASHER BLK 2.1MM     ,Extra UK,,,Crankbrothers,,,3.99,,CRNK - SPARES PEDL,,,
,,,,,,CB PDL PIN SET SCREW BLK LONG 10MM,Extra UK,,,Crankbrothers,,,0.2,,CRNK - SPARES PEDL,,,
,,,,,,CB PDL PIN SET SCREW BLK SHORT 8MM,Extra UK,,,Crankbrothers,,,0.2,,CRNK - SPARES PEDL,,,
,,,,,,CB PDL PIN SET SCREW GOLD LONG 10MM,Extra UK,,,Crankbrothers,,,0.3,,CRNK - SPARES PEDL,,,
,,,,,,CB PDL RING SPACER CANDY                ,Extra UK,,,Crankbrothers,,,1,,CRNK - SPARES PEDL,,,
,,,,,,CB PDL SCREW BODY CANDY                 ,Extra UK,,,Crankbrothers,,,1,,CRNK - SPARES PEDL,,,
,,,,,,CB PDL SEAL INNER STAMP 2/3 V2,Extra UK,,,Crankbrothers,,,0.99,,CRNK - SPARES PEDL,,,
,,,,,,CB PDL SPINDLE  STAMP 11 TI L,Extra UK,,,Crankbrothers,,,59.99,,CRNK - SPARES PEDL,,,
,,,,,,CB PDL SPINDLE  STAMP 11 TI R,Extra UK,,,Crankbrothers,,,59.99,,CRNK - SPARES PEDL,,,
,,,,,,CB PDL SPINDLE SCREW LEFT STAMP 2/3 V2,Extra UK,,,Crankbrothers,,,4.99,,CRNK - SPARES PEDL,,,
,,,,,,CB PDL SPINDLE SCREW RIGHT STAMP 2/3 V2,Extra UK,,,Crankbrothers,,,4.99,,CRNK - SPARES PEDL,,,
,,,,,,CB PDL SPINDLE STAMP 2/3 V2 LEFT,Extra UK,,,Crankbrothers,,,9.99,,CRNK - SPARES PEDL,,,
,,,,,,CB PDL STAMP 1 LARGE BEARING SPACER         ,Extra UK,,,Crankbrothers,,,0.25,,CRNK - SPARES PEDL,,,
,,,,,,CB PDL STAMP 1 LOCK NUT            ,Extra UK,,,Crankbrothers,,,0.25,,CRNK - SPARES PEDL,,,
,,,,,,CB PDL STAMP 1 SMALL BEARING SPACER         ,Extra UK,,,Crankbrothers,,,0.25,,CRNK - SPARES PEDL,,,
,,,,,,CB PDL STAMP 1 SOCKET HEAD PIN               ,Extra UK,,,Crankbrothers,,,0.25,,CRNK - SPARES PEDL,,,
,,,,,,CB PDL WING OUTER STAMPED,Extra UK,,,Crankbrothers,,,4.99,,CRNK - SPARES PEDL,,,
,,,,,,CB PUMP KLIC FLOOR PUMP PRES/SCH ADAPT ,Extra UK,,,Crankbrothers,,,4.99,,CRNK - SPARES MISC,,,
,,,,,,CB S/POST HIGHLINE 3 CARTRIDGE SCREW,Extra UK,,,Crankbrothers,,,2.99,,CRNK - SPARES S/POST,,,
,,,,,,CB S/POST HIGHLINE 3 CRTDGE ASSY 100MM,Extra UK,,,Crankbrothers,,,34.99,,CRNK - SPARES S/POST,,,
,,,,,,CB S/POST HIGHLINE 3 CRTDGE ASSY 125MM,Extra UK,,,Crankbrothers,,,34.99,,CRNK - SPARES S/POST,,,
,,,,,,CB S/POST HIGHLINE 3 CRTDGE ASSY 150MM,Extra UK,,,Crankbrothers,,,34.99,,CRNK - SPARES S/POST,,,
,,,,,,CB S/POST HIGHLINE 3 CRTDGE ASSY 170MM,Extra UK,,,Crankbrothers,,,34.99,,CRNK - SPARES S/POST,,,
,,,,,,CB S/POST HIGHLINE 3 CRTDGE ASSY 200MM,Extra UK,,,Crankbrothers,,,34.99,,CRNK - SPARES S/POST,,,
,,,,,,CB S/POST HIGHLINE 3 KEYWAY 30.9 100MM,Extra UK,,,Crankbrothers,,,19.99,,CRNK - SPARES S/POST,,,
,,,,,,CB S/POST HIGHLINE 3 KEYWAY 30.9 125MM,Extra UK,,,Crankbrothers,,,19.99,,CRNK - SPARES S/POST,,,
,,,,,,CB S/POST HIGHLINE 3 KEYWAY 30.9 150MM,Extra UK,,,Crankbrothers,,,19.99,,CRNK - SPARES S/POST,,,
,,,,,,CB S/POST HIGHLINE 3 KEYWAY 30.9 170MM,Extra UK,,,Crankbrothers,,,19.99,,CRNK - SPARES S/POST,,,
,,,,,,CB S/POST HIGHLINE 3 KEYWAY 30.9 80MM,Extra UK,,,Crankbrothers,,,19.99,,CRNK - SPARES S/POST,,,
,,,,,,CB S/POST HIGHLINE 3 KEYWAY 31.6 100MM,Extra UK,,,Crankbrothers,,,19.99,,CRNK - SPARES S/POST,,,
,,,,,,CB S/POST HIGHLINE 3 KEYWAY 31.6 125MM,Extra UK,,,Crankbrothers,,,19.99,,CRNK - SPARES S/POST,,,
,,,,,,CB S/POST HIGHLINE 3 KEYWAY 31.6 150MM,Extra UK,,,Crankbrothers,,,19.99,,CRNK - SPARES S/POST,,,
,,,,,,CB S/POST HIGHLINE 3 KEYWAY 31.6 170MM,Extra UK,,,Crankbrothers,,,19.99,,CRNK - SPARES S/POST,,,
,,,,,,CB S/POST HIGHLINE 3 KEYWAY 31.6 200MM,Extra UK,,,Crankbrothers,,,19.99,,CRNK - SPARES S/POST,,,
,,,,,,CB S/POST HIGHLINE 3 KEYWAY 31.6 80MM,Extra UK,,,Crankbrothers,,,19.99,,CRNK - SPARES S/POST,,,
,,,,,,CB S/POST HIGHLINE 3 KEYWAY 34.9 100MM,Extra UK,,,Crankbrothers,,,19.99,,CRNK - SPARES S/POST,,,
,,,,,,CB S/POST HIGHLINE 3 KEYWAY 34.9 125MM,Extra UK,,,Crankbrothers,,,19.99,,CRNK - SPARES S/POST,,,
,,,,,,CB S/POST HIGHLINE 3 KEYWAY 34.9 150MM,Extra UK,,,Crankbrothers,,,19.99,,CRNK - SPARES S/POST,,,
,,,,,,CB S/POST HIGHLINE 3 KEYWAY 34.9 170MM,Extra UK,,,Crankbrothers,,,19.99,,CRNK - SPARES S/POST,,,
,,,,,,CB S/POST HIGHLINE 3 QUILL ASSY 100MM,Extra UK,,,Crankbrothers,,,29.99,,CRNK - SPARES S/POST,,,
,,,,,,CB S/POST HIGHLINE 3 QUILL ASSY 125MM,Extra UK,,,Crankbrothers,,,29.99,,CRNK - SPARES S/POST,,,
,,,,,,CB S/POST HIGHLINE 3 QUILL ASSY 150MM,Extra UK,,,Crankbrothers,,,29.99,,CRNK - SPARES S/POST,,,
,,,,,,CB S/POST HIGHLINE 3 QUILL ASSY 170MM,Extra UK,,,Crankbrothers,,,29.99,,CRNK - SPARES S/POST,,,
,,,,,,CB S/POST HIGHLINE 3 QUILL ASSY 200MM,Extra UK,,,Crankbrothers,,,29.99,,CRNK - SPARES S/POST,,,
,,,,,,CB S/POST HIGHLINE 3 QUILL ASSY 80MM,Extra UK,,,Crankbrothers,,,29.99,,CRNK - SPARES S/POST,,,
,,,,,,CB S/POST HIGHLINE 3/XCG CLAMP SCREW,Extra UK,,,Crankbrothers,,,9.99,,CRNK - SPARES S/POST,,,
,,,,,,CB S/POST HIGHLINE 3/XCG UPPER CLAMP,Extra UK,,,Crankbrothers,,,7.99,,CRNK - SPARES S/POST,,,
,,,,,,CB S/POST HIGHLINE 7 CRTDGE ASSY 100MM,Extra UK,,,Crankbrothers,,,69.99,,CRNK - SPARES S/POST,,,
,,,,,,CB S/POST HIGHLINE 7 CRTDGE ASSY 125MM,Extra UK,,,Crankbrothers,,,69.99,,CRNK - SPARES S/POST,,,
,,,,,,CB S/POST HIGHLINE 7 CRTDGE ASSY 150MM,Extra UK,,,Crankbrothers,,,69.99,,CRNK - SPARES S/POST,,,
,,,,,,CB S/POST HIGHLINE 7 CRTDGE ASSY 170MM,Extra UK,,,Crankbrothers,,,69.99,,CRNK - SPARES S/POST,,,
,,,,,,CB S/POST HIGHLINE 7 KEYWAY 30.9 100MM,Extra UK,,,Crankbrothers,,,39.99,,CRNK - SPARES S/POST,,,
,,,,,,CB S/POST HIGHLINE 7 KEYWAY 30.9 125MM,Extra UK,,,Crankbrothers,,,39.99,,CRNK - SPARES S/POST,,,
,,,,,,CB S/POST HIGHLINE 7 KEYWAY 30.9 150MM,Extra UK,,,Crankbrothers,,,39.99,,CRNK - SPARES S/POST,,,
,,,,,,CB S/POST HIGHLINE 7 KEYWAY 30.9 170MM,Extra UK,,,Crankbrothers,,,39.99,,CRNK - SPARES S/POST,,,
,,,,,,CB S/POST HIGHLINE 7 KEYWAY 31.6 100MM,Extra UK,,,Crankbrothers,,,39.99,,CRNK - SPARES S/POST,,,
,,,,,,CB S/POST HIGHLINE 7 KEYWAY 31.6 125MM,Extra UK,,,Crankbrothers,,,39.99,,CRNK - SPARES S/POST,,,
,,,,,,CB S/POST HIGHLINE 7 KEYWAY 31.6 150MM,Extra UK,,,Crankbrothers,,,39.99,,CRNK - SPARES S/POST,,,
,,,,,,CB S/POST HIGHLINE 7 KEYWAY 31.6 170MM,Extra UK,,,Crankbrothers,,,39.99,,CRNK - SPARES S/POST,,,
,,,,,,CB S/POST HIGHLINE BUSHING UPPER,Extra UK,,,Crankbrothers,,,5.99,,CRNK - SPARES S/POST,,,
,,,,,,CB S/POST HIGHLINE CART ASSEMBLY ,Extra UK,,,Crankbrothers,,,69.99,,CRNK - SPARES S/POST,,,
,,,,,,CB S/POST HIGHLINE CART ASSEMBLY S,Extra UK,,,Crankbrothers,,,69.99,,CRNK - SPARES S/POST,,,
,,,,,,CB S/POST HIGHLINE QUILL ASSY 100MM V2/7,Extra UK,,,Crankbrothers,,,59.99,,CRNK - SPARES S/POST,,,
,,,,,,CB S/POST HIGHLINE QUILL ASSY 125MM V2/7,Extra UK,,,Crankbrothers,,,59.99,,CRNK - SPARES S/POST,,,
,,,,,,CB S/POST HIGHLINE QUILL ASSY 150MM V2/7,Extra UK,,,Crankbrothers,,,59.99,,CRNK - SPARES S/POST,,,
,,,,,,CB S/POST HIGHLINE QUILL ASSY 160MM V1,Extra UK,,,Crankbrothers,,,59.99,,CRNK - SPARES S/POST,,,
,,,,,,CB S/POST HIGHLINE QUILL ASSY 170MM V2/7,Extra UK,,,Crankbrothers,,,59.99,,CRNK - SPARES S/POST,,,
,,,,,,CB S/POST HIGHLINE XCG CART SCREW,Extra UK,,,Crankbrothers,,,0.5,,CRNK - SPARES S/POST,,,
,,,,,,CB S/POST HIGHLINE XCG IGUS KEYS,Extra UK,,,Crankbrothers,,,19.99,,CRNK - SPARES S/POST,,,
,,,,,,CB S/POST HIGHLINE XCG QUIL 100MM,Extra UK,,,Crankbrothers,,,29.99,,CRNK - SPARES S/POST,,,
,,,,,,CB S/POST HIGHLINE XCG QUIL 125MM,Extra UK,,,Crankbrothers,,,29.99,,CRNK - SPARES S/POST,,,
,,,,,,CB S/POST HIGHLINE XCG QUIL 60MM,Extra UK,,,Crankbrothers,,,29.99,,CRNK - SPARES S/POST,,,
,,,,,,CB S/POST HIGHLINE XCG QUIL 80MM,Extra UK,,,Crankbrothers,,,29.99,,CRNK - SPARES S/POST,,,
,,,,,,CB S/POST HLINE 11 QUILL 100MM,Extra UK,,,Crankbrothers,,,149.99,,CRNK - SPARES S/POST,,,
,,,,,,CB S/POST HLINE 11 QUILL 125MM,Extra UK,,,Crankbrothers,,,149.99,,CRNK - SPARES S/POST,,,
,,,,,,CB S/POST HLINE 11 QUILL 150MM,Extra UK,,,Crankbrothers,,,149.99,,CRNK - SPARES S/POST,,,
,,,,,,CB S/POST HLINE 11 QUILL 170MM,Extra UK,,,Crankbrothers,,,149.99,,CRNK - SPARES S/POST,,,
,,,,,,CB S/POST HLINE 11 QUILL 60MM,Extra UK,,,Crankbrothers,,,149.99,,CRNK - SPARES S/POST,,,
,,,,,,CB S/POST HLINE 11 QUILL 80MM,Extra UK,,,Crankbrothers,,,149.99,,CRNK - SPARES S/POST,,,
,,,,,,CB S/POST HLINE 11 RING SEAL BLK GOLD,Extra UK,,,Crankbrothers,,,9.99,,CRNK - SPARES S/POST,,,
,,,,,,CB S/POST HLINE 7 CARTRIDGE 31.6 170MM,Extra UK,,,Crankbrothers,,,49.99,,CRNK - SPARES S/POST,,,
,,,,,,CB S/POST HLINE TI BOLT KIT,Extra UK,,,Crankbrothers,,,27.99,,CRNK - SPARES S/POST,,,
,,,,,,CB S/POST HLINE7 CARTRIDGE 200MM,Extra UK,,,Crankbrothers,,,99.99,,CRNK - SPARES S/POST,,,
,,,,,,CB S/POST HLINE7 QUILL 200MM,Extra UK,,,Crankbrothers,,,59.99,,CRNK - SPARES S/POST,,,
,,,,,,CB S/POST HLINEBODY2-KEYWAY30.9 100MMV1,Extra UK,,,Crankbrothers,,,49.99,,CRNK - SPARES S/POST,,,
,,,,,,CB S/POST HLINEBODY2-KEYWAY30.9 100MMV2,Extra UK,,,Crankbrothers,,,49.99,,CRNK - SPARES S/POST,,,
,,,,,,CB S/POST HLINEBODY2-KEYWAY30.9 125MMV2,Extra UK,,,Crankbrothers,,,49.99,,CRNK - SPARES S/POST,,,
,,,,,,CB S/POST HLINEBODY2-KEYWAY30.9 150MMV2,Extra UK,,,Crankbrothers,,,49.99,,CRNK - SPARES S/POST,,,
,,,,,,CB S/POST HLINEBODY2-KEYWAY30.9 160MMV1,Extra UK,,,Crankbrothers,,,49.99,,CRNK - SPARES S/POST,,,
,,,,,,CB S/POST HLINEBODY2-KEYWAY30.9 170MMV2,Extra UK,,,Crankbrothers,,,49.99,,CRNK - SPARES S/POST,,,
,,,,,,CB S/POST HLINEBODY2-KEYWAY31.6 100MMV1,Extra UK,,,Crankbrothers,,,49.99,,CRNK - SPARES S/POST,,,
,,,,,,CB S/POST HLINEBODY2-KEYWAY31.6 100MMV2,Extra UK,,,Crankbrothers,,,49.99,,CRNK - SPARES S/POST,,,
,,,,,,CB S/POST HLINEBODY2-KEYWAY31.6 125MMV2,Extra UK,,,Crankbrothers,,,49.99,,CRNK - SPARES S/POST,,,
,,,,,,CB S/POST HLINEBODY2-KEYWAY31.6 150MMV2,Extra UK,,,Crankbrothers,,,49.99,,CRNK - SPARES S/POST,,,
,,,,,,CB S/POST HLINEBODY2-KEYWAY31.6 160MMV1,Extra UK,,,Crankbrothers,,,49.99,,CRNK - SPARES S/POST,,,
,,,,,,CB S/POST HLINEBODY2-KEYWAY31.6 170MMV2,Extra UK,,,Crankbrothers,,,49.99,,CRNK - SPARES S/POST,,,
,,,,,,CB TOOL F10/15 SERIES T-25 HEX BIT,Extra UK,,,Crankbrothers,,,1.99,,CRNK - SPARES MISC,,,
,,,,,,CB TOOL F15 SERIES CHAIN PIN,Extra UK,,,Crankbrothers,,,1.99,,CRNK - SPARES MISC,,,
,,,,,,CB WHL AXLE / END CAP RR SYNTH DH11 150,Extra UK,,,Crankbrothers,,,79.99,,CRNK - SPARES WHEEL,,,
,,,,,,CB WHL BEARING TENSION NUT SYNTH 11 ,Extra UK,,,Crankbrothers,,,24.99,,CRNK - SPARES WHEEL,,,
,,,,,,CB WHL END CAPS FR 15MM SLVR,Extra UK,,,Crankbrothers,,,19.99,,CRNK - SPARES WHEEL,,,
,,,,,,CB WHL ENDCAP REAR 150mm XD DRIVER D/SIDE,Extra UK,,,Crankbrothers,,,11.99,,CRNK - SPARES WHEEL,,,
,,,,,,CB WHL FREEHUB BODY 1/1 HG,Extra UK,,,Crankbrothers,,,89.99,,CRNK - SPARES WHEEL,,,
,,,,,,CB WHL FREEHUB BODY 1/1 MS,Extra UK,,,Crankbrothers,,,99.99,,CRNK - SPARES WHEEL,,,
,,,,,,CB WHL FREEHUB BODY 1/1 XD,Extra UK,,,Crankbrothers,,,89.99,,CRNK - SPARES WHEEL,,,
,,,,,,CB WHL FREEHUB BODY XDR ALLOY DRIVER,Extra UK,,,Crankbrothers,,,59.99,,CRNK - SPARES WHEEL,,,
,,,,,,CB WHL FREEHUB CB FH-531 HG,Extra UK,,,Crankbrothers,,,39.99,,CRNK - SPARES WHEEL,,,
,,,,,,CB WHL FREEHUB END CAP 142-135 X 10,Extra UK,,,Crankbrothers,,,29.99,,CRNK - SPARES WHEEL,,,
,,,,,,CB WHL FREEHUB I9 HYDRA HG,Extra UK,,,Crankbrothers,,,179.99,,CRNK - SPARES WHEEL,,,
,,,,,,CB WHL FREEHUB I9 HYDRA MS,Extra UK,,,Crankbrothers,,,199.99,,CRNK - SPARES WHEEL,,,
,,,,,,CB WHL FREEHUB I9 HYDRA XD,Extra UK,,,Crankbrothers,,,179.99,,CRNK - SPARES WHEEL,,,
,,,,,,CB WHL FREEHUB REAR ALLOY PART,Extra UK,,,Crankbrothers,,,79.99,,CRNK - SPARES WHEEL,,,
,,,,,,CB WHL HUB I9 FR 28H 15 X110 HYDRA,Extra UK,,,Crankbrothers,,,169.99,,CRNK - SPARES WHEEL,,,
,,,,,,CB WHL HUB I9 FR DH 28H 20X110 HYDRA,Extra UK,,,Crankbrothers,,,169.99,,CRNK - SPARES WHEEL,,,
,,,,,,CB WHL HUB I9 RR 32H 12 X148 HYDRA HG,Extra UK,,,Crankbrothers,,,369.99,,CRNK - SPARES WHEEL,,,
,,,,,,CB WHL HUB I9 RR 32H 12 X148 HYDRA MS,Extra UK,,,Crankbrothers,,,389.99,,CRNK - SPARES WHEEL,,,
,,,,,,CB WHL HUB I9 RR 32H 12 X148 HYDRA XD,Extra UK,,,Crankbrothers,,,369.99,,CRNK - SPARES WHEEL,,,
,,,,,,CB WHL HUB I9 RR DH 28H 12X157 HYD XD,Extra UK,,,Crankbrothers,,,369.99,,CRNK - SPARES WHEEL,,,
,,,,,,CB WHL HUB I9 RR E11 32H 12X157 MS,Extra UK,,,Crankbrothers,,,389.99,,CRNK - SPARES WHEEL,,,
,,,,,,CB WHL HUB RR L3 12mm BOOST BLK,Extra UK,,,Crankbrothers,,,134.99,,CRNK - SPARES WHEEL,,,
,,,,,,CB WHL HUB SYN CB E 32H12x148XD,Extra UK,,,Crankbrothers,,,119.99,,CRNK - SPARES WHEEL,,,
,,,,,,CB WHL HUB SYN CB EBIKE FR28H15x110,Extra UK,,,Crankbrothers,,,69.99,,CRNK - SPARES WHEEL,,,
,,,,,,CB WHL HUB SYN CB EBIKE RR28H12x148HG,Extra UK,,,Crankbrothers,,,119.99,,CRNK - SPARES WHEEL,,,
,,,,,,CB WHL HUB SYN CB EBIKE RR28H12x148MS,Extra UK,,,Crankbrothers,,,129.99,,CRNK - SPARES WHEEL,,,
,,,,,,CB WHL HUB SYN CB EBIKE RR28H12x148XD,Extra UK,,,Crankbrothers,,,119.99,,CRNK - SPARES WHEEL,,,
,,,,,,CB WHL RIM OPIUM 3  27.5 BLK/RED w/CENTER RIB,Extra UK,,,Crankbrothers,,,139.99,,CRNK - SPARES WHEEL,,,
,,,,,,CB WHL RIM SYN ALLOY DH 27.5 28H,Extra UK,,,Crankbrothers,,,109.99,,CRNK - SPARES WHEEL,,,
,,,,,,CB WHL RIM SYN ALLOY DH 27.5 32H,Extra UK,,,Crankbrothers,,,109.99,,CRNK - SPARES WHEEL,,,
,,,,,,CB WHL RIM SYN ALLOY DH 29 28H,Extra UK,,,Crankbrothers,,,109.99,,CRNK - SPARES WHEEL,,,
,,,,,,CB WHL RIM SYN ALLOY DH 29 32H,Extra UK,,,Crankbrothers,,,109.99,,CRNK - SPARES WHEEL,,,
,,,,,,CB WHL RIM SYN ALLOY EBIKE 27.5 28H,Extra UK,,,Crankbrothers,,,104.99,,CRNK - SPARES WHEEL,,,
,,,,,,CB WHL RIM SYN ALLOY EBIKE 27.5 32H,Extra UK,,,Crankbrothers,,,104.99,,CRNK - SPARES WHEEL,,,
,,,,,,CB WHL RIM SYN ALLOY EBIKE 27.5+28H,Extra UK,,,Crankbrothers,,,104.99,,CRNK - SPARES WHEEL,,,
,,,,,,CB WHL RIM SYN ALLOY EBIKE 27.5+32H,Extra UK,,,Crankbrothers,,,104.99,,CRNK - SPARES WHEEL,,,
,,,,,,CB WHL RIM SYN ALLOY EBIKE 29 28H,Extra UK,,,Crankbrothers,,,104.99,,CRNK - SPARES WHEEL,,,
,,,,,,CB WHL RIM SYN ALLOY EBIKE 29 32H,Extra UK,,,Crankbrothers,,,104.99,,CRNK - SPARES WHEEL,,,
,,,,,,CB WHL RIM SYN CARBON EBIKE 27.5+28H,Extra UK,,,Crankbrothers,,,104.99,,CRNK - SPARES WHEEL,,,
,,,,,,CB WHL RIM SYN CARBON EBIKE 27.5+32H,Extra UK,,,Crankbrothers,,,104.99,,CRNK - SPARES WHEEL,,,
,,,,,,CB WHL SPOKE PIN  2 HOLE SHINY BLACK,Extra UK,,,Crankbrothers,,,1.2,,CRNK - SPARES WHEEL,,,
,,,,,,CB WHL VALVE STEM SYNTHESIS PAIR,Extra UK,,,Crankbrothers,,,14.99,,CRNK - SPARES WHEEL,,,
,,,,,,EB SEAL 6808 LLB,Extra UK,,,Enduro Bearings,,,2.99,,ENDURO MISCELLANEOUS,,,
,,,,,,EB SEAL KIT MAXHIT BB 24mm,Extra UK,,,Enduro Bearings,,,8.99,,ENDURO MISCELLANEOUS,,,
,,,,,,JW WIRE HOOK SHIFT/BRAKE 4/5mm 50pc,Extra UK,,,Jagwire,,,1.79,,JAGWIRE - CABLES PARTS/ ACCESSORIES,,,
,,,,,,JW SPORT DISC PAD SEMI 5mm TEKTRO 4P/TRP,Extra UK,,,Jagwire,,,12.99,,JAGWIRE - DISC PADS,,,
,,,,,,TPK BRACKET PANOCOMP X,Extra UK,,,Topeak,,,13.99,,TPK - MISC SPARES,,,
,,,,,,TPK CABLE PANO APPLE 30 PIN,Extra UK,,,Topeak,,,7.99,,TPK - MISC SPARES,,,
,,,,,,TPK FIT KIT - PANORAM W/WIRE,Extra UK,,,Topeak,,,8.99,,TPK - MISC SPARES,,,
,,,,,,TPK SAFETY PAD BABYSITTER II,Extra UK,,,Topeak,,,0.49,,TPK - MISC SPARES,,,
,,,,,,TPK SHOULDER STRAPS BABYSITTER II,Extra UK,,,Topeak,,,21.99,,TPK - MISC SPARES,,,
,,,,,,TPK STRAP MODULA CAGE,Extra UK,,,Topeak,,,2.49,,TPK - MISC SPARES,,,
,,,,,,,Extra UK,,,,,,,,,,,
,,,,,,,Extra UK,,,,,,,,,,,
,,,,,,,Extra UK,,,,,,,,,,,
,,,,,,,Extra UK,,,,,,,,,,,
,,,,,,,Extra UK,,,,,,,,,,,
,,,,,,,Extra UK,,,,,,,,,,,
,,,,,,,Extra UK,,,,,,,,,,,
,,,,,,,Extra UK,,,,,,,,,,,
,,,,,,,Extra UK,,,,,,,,,,,
,,,,,,,Extra UK,,,,,,,,,,,
,,,,,,,Extra UK,,,,,,,,,,,
,,,,,,,Extra UK,,,,,,,,,,,
,,,,,,,Extra UK,,,,,,,,,,,
,,,,,,,Extra UK,,,,,,,,,,,
,,,,,,,Extra UK,,,,,,,,,,,
,,,,,,,Extra UK,,,,,,,,,,,
,,,,,,,Extra UK,,,,,,,,,,,
,,,,,,,Extra UK,,,,,,,,,,,
,,,,,,,Extra UK,,,,,,,,,,,
,,,,,,,Extra UK,,,,,,,,,,,
,,,,,,,Extra UK,,,,,,,,,,,
,,,,,,,Extra UK,,,,,,,,,,,
,,,,,,,Extra UK,,,,,,,,,,,
,,,,,,,Extra UK,,,,,,,,,,,
,,,,,,,Extra UK,,,,,,,,,,,
,,,BB8003000,,BB8003000,"SRAM Spare Pedal Sensor Assembly - Dub Flight Attendant (Includes Sensor Core, Seal Tube, Expander And Bolt) - X01/XX1 D1 2021:  ",Zyrofisher,,,Sram,,,,,,,,
,,,DE26FLTTRKPINKIT,,DE26FLTTRKPINKIT,Deity Flat Trak Pin Kit:  ,Zyrofisher,,,DEITY,,,,,,,,
,,,DE26SPRVLNPINKIT,,DE26SPRVLNPINKIT,Deity Supervillain Pin Kit:  ,Zyrofisher,,,DEITY,,,,,,,,
,,,HU20349W,,HU20349W,"Huffy Extent 20"" Mountain Bike: ANTIFREEZE GREEN 20""",Zyrofisher,,,Huffy,,,,,,,,
,,,HU20359W,,HU20359W,"Huffy Extent 20"" Mountain Bike: AQUA BLUE 20""",Zyrofisher,,,Huffy,,,,,,,,
,,,HU21104W,,HU21104W,"Huffy Pro Thunder 16"" Kids Bike: GREEN 16""",Zyrofisher,,,Huffy,,,,,,,,
,,,HU21474W,,HU21474W,"Huffy Disney Princess 16"" Kids Bike: PINK 16""",Zyrofisher,,,Huffy,,,,,,,,
,,,HU21720W,,HU21720W,"Huffy Delirium 16"" Kids Bike: MATTE SILVER 16""",Zyrofisher,,,Huffy,,,,,,,,
,,,HU21964W,,HU21964W,"Huffy Marvel Spider-Man 16"" Kids Bike: RED 16""",Zyrofisher,,,Huffy,,,,,,,,
,,,HU21974W,,HU21974W,"Huffy Disney Frozen 16"" Kids Bike: PURPLE/GREEN 16""",Zyrofisher,,,Huffy,,,,,,,,
,,,HU21981W,,HU21981W,"Huffy Marvel Avengers 16"" Kids Bike: GREY 16""",Zyrofisher,,,Huffy,,,,,,,,
,,,HU22055W,,HU22055W,"Huffy So Sweet 12"" Kids Bike: POOL BLUE 12""",Zyrofisher,,,Huffy,,,,,,,,
,,,HU22075W,,HU22075W,"Huffy So Sweet 12"" Kids Bike: GLOSS WHITE 12""",Zyrofisher,,,Huffy,,,,,,,,
,,,HU22230W,,HU22230W,"Huffy Disney Minnie 12"" Kids Bike: PINK 12""",Zyrofisher,,,Huffy,,,,,,,,
,,,HU22250W,,HU22250W,"Huffy So Sweet 12"" Kids Bike: PURPLE 12""",Zyrofisher,,,Huffy,,,,,,,,
,,,HU22364W,,HU22364W,"Huffy Marvel Spider-Man 12"" Kids Bike: RED 12""",Zyrofisher,,,Huffy,,,,,,,,
,,,HU22481W,,HU22481W,"Huffy Disney Cars 12"" Kids Bike: RED 12""",Zyrofisher,,,Huffy,,,,,,,,
,,,HU22494W,,HU22494W,"Huffy Disney Princess 12"" Kids Bike: PINK 12""",Zyrofisher,,,Huffy,,,,,,,,
,,,HU22974W,,HU22974W,"Huffy Disney Frozen 12"" Kids Bike: PURPLE/GREEN 12""",Zyrofisher,,,Huffy,,,,,,,,
,,,HU23259W,,HU23259W,"Huffy Girly Girl 20"" Kids Bike: WHITE 20""",Zyrofisher,,,Huffy,,,,,,,,
,,,HU23333W,,HU23333W,"Huffy Deluxe Cruiser 20"" Kids Bike: ORANGE 20""",Zyrofisher,,,Huffy,,,,,,,,
,,,HU24221W,,HU24221W,"Huffy Marvel Avengers 14"" Kids Bike: GREY/BLACK 14""",Zyrofisher,,,Huffy,,,,,,,,
,,,HU24371W,,HU24371W,"Huffy Disney Princess 14"" Kids Bike: PINK 14""",Zyrofisher,,,Huffy,,,,,,,,
,,,HU24382W,,HU24382W,"Huffy Korros 24"" Mountain Bike: BLACK 24""",Zyrofisher,,,Huffy,,,,,,,,
,,,HU24421W,,HU24421W,"Huffy Marvel Spider-Man 14"" Kids Bike: RED/BLUE 14""",Zyrofisher,,,Huffy,,,,,,,,
,,,HU24441W,,HU24441W,"Huffy Disney Cars 14"" Kids Bike: RED 14""",Zyrofisher,,,Huffy,,,,,,,,
,,,HU24653W,,HU24653W,"Huffy Deluxe Cruiser 24"" Bike: PERIWINKLE BLUE 24""",Zyrofisher,,,Huffy,,,,,,,,
,,,HU24940W,,HU24940W,"Huffy Marker 24"" Mountain Bike: GUNMETAL GREY 24""",Zyrofisher,,,Huffy,,,,,,,,
,,,HU26322W,,HU26322W,"Huffy Korros 26"" Mountain Bike: BLUE/GREEN 26""",Zyrofisher,,,Huffy,,,,,,,,
,,,HU26650W,,HU26650W,"Huffy Deluxe Cruiser 26"" Bike: MATTE EMERALD 26""",Zyrofisher,,,Huffy,,,,,,,,
,,,HU26653W,,HU26653W,"Huffy Deluxe Cruiser 26"" Bike: DARK BERRY 26""",Zyrofisher,,,Huffy,,,,,,,,
,,,HU26722W,,HU26722W,"Huffy Korros 27.5"" Mountain Bike: BRONZE 27.5""",Zyrofisher,,,Huffy,,,,,,,,
,,,HU26920W,,HU26920W,"Huffy Marker 26"" Mountain Bike: BLACK 26""",Zyrofisher,,,Huffy,,,,,,,,
,,,HU26950W,,HU26950W,"Huffy Extent 27.5"" Mountain Bike: GLOSS PURPLE 27.5""",Zyrofisher,,,Huffy,,,,,,,,
,,,HU26970W,,HU26970W,"Huffy Marker 26"" Mountain Bike: BLUE 26""",Zyrofisher,,,Huffy,,,,,,,,
,,,HU27274W,,HU27274W,"Huffy Vintage 10"" Balance Bike: BLUE 10""",Zyrofisher,,,Huffy,,,,,,,,
,,,HU27284W,,HU27284W,"Huffy Vintage 10"" Balance Bike: GREEN 10""",Zyrofisher,,,Huffy,,,,,,,,
,,,HU27611W,,HU27611W,"Huffy Disney Frozen Balance Bike: BLUE 12""",Zyrofisher,,,Huffy,,,,,,,,
,,,HU27631W,,HU27631W,"Huffy Disney Princess Balance Bike: PINK 12""",Zyrofisher,,,Huffy,,,,,,,,
,,,HU27641W,,HU27641W,"Huffy Disney Cars Balance Bike: RED 12""",Zyrofisher,,,Huffy,,,,,,,,
,,,HU27661W,,HU27661W,"Huffy Marvel Spider-Man Balance Bike: RED/BLUE 12""",Zyrofisher,,,Huffy,,,,,,,,
,,,HU56350W,,HU56350W,"Huffy Extent 27.5"" Mountain Bike: MATTE BLACK 27.5""",Zyrofisher,,,Huffy,,,,,,,,
,,,HU64349W,,HU64349W,"Huffy Extent 24"" Mountain Bike: COBALT BLUE 24""",Zyrofisher,,,Huffy,,,,,,,,
,,,HU64359W,,HU64359W,"Huffy Extent 24"" Mountain Bike: MIDNIGHT PURPLE 24""",Zyrofisher,,,Huffy,,,,,,,,
,,,HU66340W,,HU66340W,"Huffy Extent 26"" Mountain Bike: MATTE GUNMETAL 26""",Zyrofisher,,,Huffy,,,,,,,,
,,,HU66350W,,HU66350W,"Huffy Extent 26"" Mountain Bike: GLOSS WHITE 26""",Zyrofisher,,,Huffy,,,,,,,,
,,,HU98421,,HU98421,"Huffy Green Machine Slider: GREEN 20""",Zyrofisher,,,Huffy,,,,,,,,
,,,IZES410TG,,IZES410TG,"ES410 TG Touch Guard 1/2"" X 1/18"" Track Chain Silver: SILVER 1/2"" X 1/8""",Zyrofisher,,,Izumi,,,,,,,,
,,,IZSUPKAI332,,IZSUPKAI332,"Izumi-Kai Super Toughness 1/2"" X 3/32"" NJS Approved Track Chain: BLACK 1/2"" X 3/32""",Zyrofisher,,,Izumi,,,,,,,,
,,,IZSUPVCHAIN332,,IZSUPVCHAIN332,"Izumi-V Super Toughness 1/2"" X 3/32"" NJS Approved Track Chain: GOLD/BLACK 1/2"" X 3/32""",Zyrofisher,,,Izumi,,,,,,,,
,,,LKPOS00001,,LKPOS00001,LOOK Branded Header Board:  ,Zyrofisher,,,LOOK,,,,,,,,
,,,PLCKEO25674,,PLCKEO25674,LOOK Keo Grip Cleat New: BLACK 0 DEGREE,Zyrofisher,,,LOOK,,,,,,,,
,,,PLCKEO25675,,PLCKEO25675,LOOK Keo Grip Cleat New: GREY 4.5 DEGREEE,Zyrofisher,,,LOOK,,,,,,,,
,,,PLCKEO25676,,PLCKEO25676,LOOK Keo Grip Cleat New: RED 9 DEGREE,Zyrofisher,,,LOOK,,,,,,,,
,,,POSSM000209,,POSSM000209,Selle San Marco Branded 4 Saddle Desktop Podium:  ,Zyrofisher,,,Selle San Marco,,,,,,,,
,,,RBHARDLINE,,RBHARDLINE,Red Bull Hardline POS Pack:  ,Zyrofisher,,,Red Bull,,,,,,,,
,,,RK1911S,,RK1911S,Rixen & Kaul KLICKfix Vario Sport: BLACK ONE SIZE,Zyrofisher,,,Rixen-Kaul,,,,,,,,
,,,RK1912S,,RK1912S,Rixen & Kaul KLICKfix Vario Rack: BLACK ONE SIZE,Zyrofisher,,,Rixen-Kaul,,,,,,,,
,,,RK5336,,RK5336,Rixen-Kaul Dynema Cord Twist Handlebar Adaptor:  ,Zyrofisher,,,Rixen-Kaul,,,,,,,,
,,,RS-K04450,,RS-K04450,Supacaz Kazze Road Cycling Shoes - Oil Slick: OIL SLICK 45,Zyrofisher,,,Supacaz,,,,,,,,
,,,RSP8111020,,RSP8111020,Fork Spring Debonair Shaft - (Includes Air Shaft And Bumpers) 40Mm- 700C - Rudy Xplr Base/Ultimate A1+ (2022+):  40MM,Zyrofisher,,,Sram,,,,,,,,
,,,RSS8121002,,RSS8121002,RockShox Rear Shock Eyelet Bearing Dust Cover Kit - (Includes 20mm Dust Covers For Integrated Bearing Eyelets) - Sidluxe A1+ (2021+):  ,Zyrofisher,,,Sram,,,,,,,,
,,,RSS8121003,,RSS8121003,"RockShox Rear Shock Eyelet Bearing Kit - (Includes Eyelet Bearings, 20mm Dust Covers, And Spacer For Integrated Bearing Eyelets) - Sidluxe A1 (2021+):  ",Zyrofisher,,,Sram,,,,,,,,
,,,SKX10143,,SKX10143,SKS Pressure Gauge For The Rennkompressor:  ,Zyrofisher,,,SKS,,,,,,,,
,,,SKX10189,,SKX10189,SKS Set Of Bolts/Nuts/End Caps For Chromoplastics/Bluemels/Longboards:  ,Zyrofisher,,,SKS,,,,,,,,
,,,SSOIL8016006,,SSOIL8016006,Maxima Plush Dynamic Suspension Lube: 120ML 120ML,Zyrofisher,,,RockShox,,,,,,,,
,,,SSOIL8016007,,SSOIL8016007,Maxima Plush Dynamic Suspension Lube: 1 LITRE 1L,Zyrofisher,,,RockShox,,,,,,,,
,,,TI1345000199,,TI1345000199,Tifosi Crit/Davos/Ailliant Ear Pieces 2025: BLACK ONE SIZE,Zyrofisher,,,Tifosi,,,,,,,,
,,,TYC196270,,TYC196270,"Continental Competition TT Tyre - Tubular BlackChili Compound 2022: BLACK/BLACK 28X25""",Zyrofisher,,,Continental,,,,,,,,
,,,ZS8083009,,ZS8083009,Zipp Wheel Decal Kit Zipp 303 XPLR S Single Wheel Wrap Around Graphics:  ,Zyrofisher,,,Sram,,,,,,,,
,,,,,,,Ison,,,Tioga,,22.22,39.99,,Accessories,,,
,,,,,,,Ison,,,Benno Bikes,,36.66,54.99,,Accessories,,,
,,,,,,,Ison,,,M-Wave,,17.5,34.99,,Accessories,,,
,,,,,,,Ison,,,M-Wave,,17.5,34.99,,Accessories,,,
,,,,,,,Ison,,,Ass Savers,,256.44,499.5,,Accessories,,,
,,,,,,,Ison,,,Gusset Components,,150,299.7,,Accessories,,,
,,,,,,,Ison,,,Benno Bikes,,19.99,29.99,,Accessories,,,
,,,,,,,Ison,,,M-Wave,,23.75,47.5,,Accessories,,,
,,,,,,,Ison,,,M-Wave,,17.5,34.99,,Accessories,,,
,,,,,,,Ison,,,Tioga,,9.99,17.99,,Accessories,,,
,,,,,,,Ison,,,Tioga,,9.99,17.99,,Accessories,,,
,,,,,,,Ison,,,Benno Bikes,,3166.66,4749.99,,Bikes - Complete,,,
,,,,,,,Ison,,,Benno Bikes,,2833.33,4249.99,,Bikes - Complete,,,
,,,,,,,Ison,,,Benno Bikes,,2833.33,4249.99,,Bikes - Complete,,,
,,,,,,,Ison,,,Benno Bikes,,3799.99,5699.99,,Bikes - Complete,,,
,,,,,,,Ison,,,Benno Bikes,,3799.99,5699.99,,Bikes - Complete,,,
,,,,,,,Ison,,,Benno Bikes,,3799.99,5699.99,,Bikes - Complete,,,
,,,,,,,Ison,,,Benno Bikes,,3799.99,5699.99,,Bikes - Complete,,,
,,,,,,,Ison,,,Benno Bikes,,3799.99,5699.99,,Bikes - Complete,,,
,,,,,,,Ison,,,Benno Bikes,,2666.66,3999.99,,Bikes - Complete,,,
,,,,,,,Ison,,,Benno Bikes,,4133.33,6199.99,,Bikes - Complete,,,
,,,,,,,Ison,,,Benno Bikes,,4133.33,6199.99,,Bikes - Complete,,,
,,,,,,,Ison,,,Benno Bikes,,4133.33,6199.99,,Bikes - Complete,,,
,,,,,,,Ison,,,Benno Bikes,,4133.33,6199.99,,Bikes - Complete,,,
,,,,,,,Ison,,,Benno Bikes,,4133.33,6199.99,,Bikes - Complete,,,
,,,,,,,Ison,,,Benno Bikes,,4133.33,6199.99,,Bikes - Complete,,,
,,,,,,,Ison,,,Benno Bikes,,3199.99,4799.99,,Bikes - Complete,,,
,,,,,,,Ison,,,Benno Bikes,,3199.99,4799.99,,Bikes - Complete,,,
,,,,,,,Ison,,,All-City  - Bikes,,3866.66,5799.99,,Bikes - Complete,,,
,,,,,,,Ison,,,All-City  - Bikes,,1133.33,1699.99,,Bikes - Complete,,,
,,,,,,,Ison,,,Identiti,,1666.66,2499.99,,Bikes - Complete,,,
,,,,,,,Ison,,,Identiti,,3199.99,4799.99,,Bikes - Complete,,,
,,,,,,,Ison,,,Identiti,,1999.99,2999.99,,Bikes - Complete,,,
,,,,,,,Ison,,,Identiti,,2333.33,3499.99,,Bikes - Complete,,,
,,,,,,,Ison,,,Light Blue Sport,,1466.66,2199.99,,Bikes - Complete,,,
,,,,,,,Ison,,,Light Blue Sport,,1369.99,2054.99,,Bikes - Complete,,,
,,,,,,,Ison,,,Light Blue Sport,,1666.66,2499.99,,Bikes - Complete,,,
,,,,,,,Ison,,,Surly - Bikes/Frames,,1399.99,2099.99,,Bikes - Complete,,,
,,,,,,,Ison,,,Volume BMX,,1078.68,1700,,Bikes - Complete,,,
,,,,,,,Ison,,,Surly - Bikes/Frames,,1333.33,1999.99,,Bikes - Complete,,,
,,,,,,,Ison,,,Surly - Bikes/Frames,,1333.33,1999.99,,Bikes - Complete,,,
,,,,,,,Ison,,,Surly - Bikes/Frames,,1733.33,2599.99,,Bikes - Complete,,,
,,,,,,,Ison,,,Surly - Bikes/Frames,,1733.33,2599.99,,Bikes - Complete,,,
,,,,,,,Ison,,,Surly - Bikes/Frames,,1333.33,1999.99,,Bikes - Complete,,,
,,,,,,,Ison,,,Surly - Bikes/Frames,,1333.33,1999.99,,Bikes - Complete,,,
,,,,,,,Ison,,,Surly - Bikes/Frames,,1333.33,1999.99,,Bikes - Complete,,,
,,,,,,,Ison,,,Surly - Bikes/Frames,,1733.33,2599.99,,Bikes - Complete,,,
,,,,,,,Ison,,,Surly - Bikes/Frames,,1733.33,2599.99,,Bikes - Complete,,,
,,,,,,,Ison,,,Surly - Bikes/Frames,,1733.33,2599.99,,Bikes - Complete,,,
,,,,,,,Ison,,,Surly - Bikes/Frames,,1333.33,1999.99,,Bikes - Complete,,,
,,,,,,,Ison,,,Surly - Bikes/Frames,,1333.33,1999.99,,Bikes - Complete,,,
,,,,,,,Ison,,,Surly - Bikes/Frames,,1333.33,1999.99,,Bikes - Complete,,,
,,,,,,,Ison,,,Surly - Bikes/Frames,,1333.33,1999.99,,Bikes - Complete,,,
,,,,,,,Ison,,,Surly - Bikes/Frames,,1333.33,1999.99,,Bikes - Complete,,,
,,,,,,,Ison,,,Surly - Bikes/Frames,,1466.66,2199.99,,Bikes - Complete,,,
,,,,,,,Ison,,,Surly - Bikes/Frames,,1466.66,2199.99,,Bikes - Complete,,,
,,,,,,,Ison,,,Surly - Bikes/Frames,,1466.66,2199.99,,Bikes - Complete,,,
,,,,,,,Ison,,,Surly - Bikes/Frames,,1466.66,2199.99,,Bikes - Complete,,,
,,,,,,,Ison,,,Surly - Bikes/Frames,,1466.66,2199.99,,Bikes - Complete,,,
,,,,,,,Ison,,,Surly - Bikes/Frames,,1466.66,2199.99,,Bikes - Complete,,,
,,,,,,,Ison,,,Surly - Bikes/Frames,,1466.66,2199.99,,Bikes - Complete,,,
,,,,,,,Ison,,,Surly - Bikes/Frames,,1466.66,2199.99,,Bikes - Complete,,,
,,,,,,,Ison,,,Surly - Bikes/Frames,,1466.66,2199.99,,Bikes - Complete,,,
,,,,,,,Ison,,,Surly - Bikes/Frames,,1466.66,2199.99,,Bikes - Complete,,,
,,,,,,,Ison,,,Surly - Bikes/Frames,,1466.66,2199.99,,Bikes - Complete,,,
,,,,,,,Ison,,,Surly - Bikes/Frames,,1466.66,2199.99,,Bikes - Complete,,,
,,,,,,,Ison,,,Surly - Bikes/Frames,,1466.66,2199.99,,Bikes - Complete,,,
,,,,,,,Ison,,,Surly - Bikes/Frames,,1466.66,2199.99,,Bikes - Complete,,,
,,,,,,,Ison,,,Surly - Bikes/Frames,,1466.66,2199.99,,Bikes - Complete,,,
,,,,,,,Ison,,,Surly - Bikes/Frames,,1333.33,1999.99,,Bikes - Complete,,,
,,,,,,,Ison,,,Surly - Bikes/Frames,,1333.33,1999.99,,Bikes - Complete,,,
,,,,,,,Ison,,,Surly - Bikes/Frames,,1333.33,1999.99,,Bikes - Complete,,,
,,,,,,,Ison,,,Surly - Bikes/Frames,,1466.66,2199.99,,Bikes - Complete,,,
,,,,,,,Ison,,,Surly - Bikes/Frames,,1466.66,2199.99,,Bikes - Complete,,,
,,,,,,,Ison,,,Surly - Bikes/Frames,,1466.66,2199.99,,Bikes - Complete,,,
,,,,,,,Ison,,,Surly - Bikes/Frames,,1466.66,2199.99,,Bikes - Complete,,,
,,,,,,,Ison,,,Surly - Bikes/Frames,,1466.66,2199.99,,Bikes - Complete,,,
,,,,,,,Ison,,,Surly - Bikes/Frames,,1466.66,2199.99,,Bikes - Complete,,,
,,,,,,,Ison,,,Surly - Bikes/Frames,,1466.66,2199.99,,Bikes - Complete,,,
,,,,,,,Ison,,,Surly - Bikes/Frames,,1466.66,2199.99,,Bikes - Complete,,,
,,,,,,,Ison,,,Identiti,,999.99,1499.99,,Bikes - Complete,,,
,,,,,,,Ison,,,Identiti,,999.99,1499.99,,Bikes - Complete,,,
,,,,,,,Ison,,,Identiti,,999.99,1499.99,,Bikes - Complete,,,
,,,,,,,Ison,,,Identiti,,999.99,1499.99,,Bikes - Complete,,,
,,,,,,,Ison,,,Identiti,,1333.33,1999.99,,Bikes - Complete,,,
,,,,,,,Ison,,,Identiti,,1333.33,1999.99,,Bikes - Complete,,,
,,,,,,,Ison,,,Identiti,,1333.33,1999.99,,Bikes - Complete,,,
,,,,,,,Ison,,,Identiti,,1333.33,1999.99,,Bikes - Complete,,,
,,,,,,,Ison,,,Identiti,,1733.33,2599.99,,Bikes - Complete,,,
,,,,,,,Ison,,,Identiti,,1733.33,2599.99,,Bikes - Complete,,,
,,,,,,,Ison,,,Identiti,,1733.33,2599.99,,Bikes - Complete,,,
,,,,,,,Ison,,,Identiti,,2099.99,3149.99,,Bikes - Complete,,,
,,,,,,,Ison,,,Identiti,,2099.99,3149.99,,Bikes - Complete,,,
,,,,,,,Ison,,,Identiti,,2099.99,3149.99,,Bikes - Complete,,,
,,,,,,,Ison,,,Identiti,,1733.33,2599.99,,Bikes - Complete,,,
,,,,,,,Ison,,,Identiti,,1733.33,2599.99,,Bikes - Complete,,,
,,,,,,,Ison,,,Identiti,,2099.99,3149.99,,Bikes - Complete,,,
,,,,,,,Ison,,,Identiti,,2099.99,3149.99,,Bikes - Complete,,,
,,,,,,,Ison,,,Identiti,,1333.33,1999.99,,Bikes - Complete,,,
,,,,,,,Ison,,,Identiti,,1333.33,1999.99,,Bikes - Complete,,,
,,,,,,,Ison,,,Identiti,,1333.33,1999.99,,Bikes - Complete,,,
,,,,,,,Ison,,,Identiti,,1333.33,1999.99,,Bikes - Complete,,,
,,,,,,,Ison,,,Identiti,,1333.33,1999.99,,Bikes - Complete,,,
,,,,,,,Ison,,,Identiti,,1333.33,1999.99,,Bikes - Complete,,,
,,,,,,,Ison,,,Identiti,,1666.66,2499.99,,Bikes - Complete,,,
,,,,,,,Ison,,,Identiti,,1666.66,2499.99,,Bikes - Complete,,,
,,,,,,,Ison,,,Identiti,,1666.66,2499.99,,Bikes - Complete,,,
,,,,,,,Ison,,,Identiti,,1666.66,2499.99,,Bikes - Complete,,,
,,,,,,,Ison,,,Identiti,,1666.66,2499.99,,Bikes - Complete,,,
,,,,,,,Ison,,,Identiti,,1666.66,2499.99,,Bikes - Complete,,,
,,,,,,,Ison,,,Identiti,,2166.66,3249.99,,Bikes - Complete,,,
,,,,,,,Ison,,,Identiti,,2166.66,3249.99,,Bikes - Complete,,,
,,,,,,,Ison,,,Identiti,,2166.66,3249.99,,Bikes - Complete,,,
,,,,,,,Ison,,,Identiti,,2166.66,3249.99,,Bikes - Complete,,,
,,,,,,,Ison,,,Identiti,,2166.66,3249.99,,Bikes - Complete,,,
,,,,,,,Ison,,,Identiti,,2166.66,3249.99,,Bikes - Complete,,,
,,,,,,,Ison,,,Identiti,,1199.99,1799.99,,Bikes - Complete,,,
,,,,,,,Ison,,,Identiti,,1199.99,1799.99,,Bikes - Complete,,,
,,,,,,,Ison,,,Identiti,,1199.99,1799.99,,Bikes - Complete,,,
,,,,,,,Ison,,,Identiti,,1199.99,1799.99,,Bikes - Complete,,,
,,,,,,,Ison,,,Identiti,,1199.99,1799.99,,Bikes - Complete,,,
,,,,,,,Ison,,,Identiti,,1199.99,1799.99,,Bikes - Complete,,,
,,,,,,,Ison,,,Identiti,,1333.33,1999.99,,Bikes - Complete,,,
,,,,,,,Ison,,,Identiti,,1333.33,1999.99,,Bikes - Complete,,,
,,,,,,,Ison,,,Identiti,,1333.33,1999.99,,Bikes - Complete,,,
,,,,,,,Ison,,,Identiti,,1333.33,1999.99,,Bikes - Complete,,,
,,,,,,,Ison,,,Identiti,,1333.33,1999.99,,Bikes - Complete,,,
,,,,,,,Ison,,,Identiti,,1333.33,1999.99,,Bikes - Complete,,,
,,,,,,,Ison,,,Identiti,,1666.66,2499.99,,Bikes - Complete,,,
,,,,,,,Ison,,,Identiti,,1666.66,2499.99,,Bikes - Complete,,,
,,,,,,,Ison,,,Identiti,,1666.66,2499.99,,Bikes - Complete,,,
,,,,,,,Ison,,,Identiti,,1666.66,2499.99,,Bikes - Complete,,,
,,,,,,,Ison,,,Identiti,,1666.66,2499.99,,Bikes - Complete,,,
,,,,,,,Ison,,,Identiti,,1666.66,2499.99,,Bikes - Complete,,,
,,,,,,,Ison,,,Identiti,,2166.66,3249.99,,Bikes - Complete,,,
,,,,,,,Ison,,,Identiti,,2166.66,3249.99,,Bikes - Complete,,,
,,,,,,,Ison,,,Identiti,,2166.66,3249.99,,Bikes - Complete,,,
,,,,,,,Ison,,,Identiti,,2166.66,3249.99,,Bikes - Complete,,,
,,,,,,,Ison,,,Identiti,,2166.66,3249.99,,Bikes - Complete,,,
,,,,,,,Ison,,,Identiti,,2166.66,3249.99,,Bikes - Complete,,,
,,,,,,,Ison,,,Identiti,,1199.99,1799.99,,Bikes - Complete,,,
,,,,,,,Ison,,,Identiti,,1199.99,1799.99,,Bikes - Complete,,,
,,,,,,,Ison,,,Identiti,,1199.99,1799.99,,Bikes - Complete,,,
,,,,,,,Ison,,,Identiti,,1199.99,1799.99,,Bikes - Complete,,,
,,,,,,,Ison,,,Identiti,,1199.99,1799.99,,Bikes - Complete,,,
,,,,,,,Ison,,,Identiti,,1199.99,1799.99,,Bikes - Complete,,,
,,,,,,,Ison,,,All-City  - Bikes,,1933.33,2899.99,,Bikes - Complete,,,
,,,,,,,Ison,,,All-City  - Bikes,,1933.33,2899.99,,Bikes - Complete,,,
,,,,,,,Ison,,,All-City  - Bikes,,1333.33,1999.99,,Bikes - Complete,,,
,,,,,,,Ison,,,All-City  - Bikes,,1333.33,1999.99,,Bikes - Complete,,,
,,,,,,,Ison,,,All-City  - Bikes,,1333.33,1999.99,,Bikes - Complete,,,
,,,,,,,Ison,,,All-City  - Bikes,,1333.33,1999.99,,Bikes - Complete,,,
,,,,,,,Ison,,,All-City  - Bikes,,1799.99,2699.99,,Bikes - Complete,,,
,,,,,,,Ison,,,All-City  - Bikes,,1799.99,2699.99,,Bikes - Complete,,,
,,,,,,,Ison,,,All-City  - Bikes,,1799.99,2699.99,,Bikes - Complete,,,
,,,,,,,Ison,,,All-City  - Bikes,,1799.99,2699.99,,Bikes - Complete,,,
,,,,,,,Ison,,,All-City  - Bikes,,1333.33,1999.99,,Bikes - Complete,,,
,,,,,,,Ison,,,All-City  - Bikes,,1333.33,1999.99,,Bikes - Complete,,,
,,,,,,,Ison,,,Surly - Bikes/Frames,,1233.33,1849.99,,Bikes - Complete,,,
,,,,,,,Ison,,,Surly - Bikes/Frames,,1233.33,1849.99,,Bikes - Complete,,,
,,,,,,,Ison,,,Surly - Bikes/Frames,,1233.33,1849.99,,Bikes - Complete,,,
,,,,,,,Ison,,,Surly - Bikes/Frames,,1233.33,1849.99,,Bikes - Complete,,,
,,,,,,,Ison,,,Surly - Bikes/Frames,,1233.33,1849.99,,Bikes - Complete,,,
,,,,,,,Ison,,,Surly - Bikes/Frames,,1233.33,1849.99,,Bikes - Complete,,,
,,,,,,,Ison,,,Surly - Bikes/Frames,,1233.33,1849.99,,Bikes - Complete,,,
,,,,,,,Ison,,,Surly - Bikes/Frames,,1233.33,1849.99,,Bikes - Complete,,,
,,,,,,,Ison,,,Surly - Bikes/Frames,,1233.33,1849.99,,Bikes - Complete,,,
,,,,,,,Ison,,,Surly - Bikes/Frames,,1233.33,1849.99,,Bikes - Complete,,,
,,,,,,,Ison,,,Surly - Bikes/Frames,,1233.33,1849.99,,Bikes - Complete,,,
,,,,,,,Ison,,,Surly - Bikes/Frames,,1233.33,1849.99,,Bikes - Complete,,,
,,,,,,,Ison,,,Surly - Bikes/Frames,,1233.33,1849.99,,Bikes - Complete,,,
,,,,,,,Ison,,,Surly - Bikes/Frames,,1233.33,1849.99,,Bikes - Complete,,,
,,,,,,,Ison,,,Surly - Bikes/Frames,,1233.33,1849.99,,Bikes - Complete,,,
,,,,,,,Ison,,,Surly - Bikes/Frames,,1199.99,1799.99,,Bikes - Complete,,,
,,,,,,,Ison,,,Surly - Bikes/Frames,,1199.99,1799.99,,Bikes - Complete,,,
,,,,,,,Ison,,,Surly - Bikes/Frames,,1199.99,1799.99,,Bikes - Complete,,,
,,,,,,,Ison,,,Surly - Bikes/Frames,,1199.99,1799.99,,Bikes - Complete,,,
,,,,,,,Ison,,,Surly - Bikes/Frames,,1199.99,1799.99,,Bikes - Complete,,,
,,,,,,,Ison,,,Surly - Bikes/Frames,,1199.99,1799.99,,Bikes - Complete,,,
,,,,,,,Ison,,,Surly - Bikes/Frames,,1199.99,1799.99,,Bikes - Complete,,,
,,,,,,,Ison,,,Surly - Bikes/Frames,,1199.99,1799.99,,Bikes - Complete,,,
,,,,,,,Ison,,,Surly - Bikes/Frames,,1199.99,1799.99,,Bikes - Complete,,,
,,,,,,,Ison,,,Surly - Bikes/Frames,,1199.99,1799.99,,Bikes - Complete,,,
,,,,,,,Ison,,,Surly - Bikes/Frames,,1199.99,1799.99,,Bikes - Complete,,,
,,,,,,,Ison,,,Surly - Bikes/Frames,,1199.99,1799.99,,Bikes - Complete,,,
,,,,,,,Ison,,,Surly - Bikes/Frames,,1199.99,1799.99,,Bikes - Complete,,,
,,,,,,,Ison,,,Surly - Bikes/Frames,,1199.99,1799.99,,Bikes - Complete,,,
,,,,,,,Ison,,,Surly - Bikes/Frames,,1199.99,1799.99,,Bikes - Complete,,,
,,,,,,,Ison,,,Surly - Bikes/Frames,,1599.99,2399.99,,Bikes - Complete,,,
,,,,,,,Ison,,,Surly - Bikes/Frames,,1599.99,2399.99,,Bikes - Complete,,,
,,,,,,,Ison,,,Surly - Bikes/Frames,,1599.99,2399.99,,Bikes - Complete,,,
,,,,,,,Ison,,,Surly - Bikes/Frames,,1599.99,2399.99,,Bikes - Complete,,,
,,,,,,,Ison,,,Surly - Bikes/Frames,,1599.99,2399.99,,Bikes - Complete,,,
,,,,,,,Ison,,,Surly - Bikes/Frames,,1599.99,2399.99,,Bikes - Complete,,,
,,,,,,,Ison,,,Surly - Bikes/Frames,,1599.99,2399.99,,Bikes - Complete,,,
,,,,,,,Ison,,,Surly - Bikes/Frames,,1599.99,2399.99,,Bikes - Complete,,,
,,,,,,,Ison,,,Surly - Bikes/Frames,,1533.33,2299.99,,Bikes - Complete,,,
,,,,,,,Ison,,,Surly - Bikes/Frames,,1533.33,2299.99,,Bikes - Complete,,,
,,,,,,,Ison,,,Surly - Bikes/Frames,,1533.33,2299.99,,Bikes - Complete,,,
,,,,,,,Ison,,,Surly - Bikes/Frames,,1533.33,2299.99,,Bikes - Complete,,,
,,,,,,,Ison,,,Surly - Bikes/Frames,,1533.33,2299.99,,Bikes - Complete,,,
,,,,,,,Ison,,,Surly - Bikes/Frames,,1533.33,2299.99,,Bikes - Complete,,,
,,,,,,,Ison,,,Surly - Bikes/Frames,,1533.33,2299.99,,Bikes - Complete,,,
,,,,,,,Ison,,,Surly - Bikes/Frames,,1533.33,2299.99,,Bikes - Complete,,,
,,,,,,,Ison,,,Surly - Bikes/Frames,,1533.33,2299.99,,Bikes - Complete,,,
,,,,,,,Ison,,,Surly - Bikes/Frames,,1533.33,2299.99,,Bikes - Complete,,,
,,,,,,,Ison,,,Surly - Bikes/Frames,,1533.33,2299.99,,Bikes - Complete,,,
,,,,,,,Ison,,,Surly - Bikes/Frames,,1533.33,2299.99,,Bikes - Complete,,,
,,,,,,,Ison,,,Surly - Bikes/Frames,,1533.33,2299.99,,Bikes - Complete,,,
,,,,,,,Ison,,,Surly - Bikes/Frames,,1533.33,2299.99,,Bikes - Complete,,,
,,,,,,,Ison,,,Surly - Bikes/Frames,,1533.33,2299.99,,Bikes - Complete,,,
,,,,,,,Ison,,,Surly - Bikes/Frames,,1533.33,2299.99,,Bikes - Complete,,,
,,,,,,,Ison,,,Surly - Bikes/Frames,,1333.33,1999.99,,Bikes - Complete,,,
,,,,,,,Ison,,,Surly - Bikes/Frames,,1333.33,1999.99,,Bikes - Complete,,,
,,,,,,,Ison,,,Surly - Bikes/Frames,,1333.33,1999.99,,Bikes - Complete,,,
,,,,,,,Ison,,,Surly - Bikes/Frames,,1333.33,1999.99,,Bikes - Complete,,,
,,,,,,,Ison,,,Surly - Bikes/Frames,,1333.33,1999.99,,Bikes - Complete,,,
,,,,,,,Ison,,,Surly - Bikes/Frames,,1333.33,1999.99,,Bikes - Complete,,,
,,,,,,,Ison,,,Surly - Bikes/Frames,,1333.33,1999.99,,Bikes - Complete,,,
,,,,,,,Ison,,,Surly - Bikes/Frames,,1333.33,1999.99,,Bikes - Complete,,,
,,,,,,,Ison,,,Surly - Bikes/Frames,,1333.33,1999.99,,Bikes - Complete,,,
,,,,,,,Ison,,,Surly - Bikes/Frames,,1333.33,1999.99,,Bikes - Complete,,,
,,,,,,,Ison,,,Surly - Bikes/Frames,,1333.33,1999.99,,Bikes - Complete,,,
,,,,,,,Ison,,,Surly - Bikes/Frames,,1333.33,1999.99,,Bikes - Complete,,,
,,,,,,,Ison,,,Surly - Bikes/Frames,,1333.33,1999.99,,Bikes - Complete,,,
,,,,,,,Ison,,,Surly - Bikes/Frames,,1333.33,1999.99,,Bikes - Complete,,,
,,,,,,,Ison,,,Surly - Bikes/Frames,,1333.33,1999.99,,Bikes - Complete,,,
,,,,,,,Ison,,,Surly - Bikes/Frames,,1333.33,1999.99,,Bikes - Complete,,,
,,,,,,,Ison,,,All-City  - Bikes,,2133.33,3199.99,,Bikes - Complete,,,
,,,,,,,Ison,,,All-City  - Bikes,,2133.33,3199.99,,Bikes - Complete,,,
,,,,,,,Ison,,,All-City  - Bikes,,2133.33,3199.99,,Bikes - Complete,,,
,,,,,,,Ison,,,All-City  - Bikes,,2133.33,3199.99,,Bikes - Complete,,,
,,,,,,,Ison,,,All-City  - Bikes,,2133.33,3199.99,,Bikes - Complete,,,
,,,,,,,Ison,,,All-City  - Bikes,,2199.99,3299.99,,Bikes - Complete,,,
,,,,,,,Ison,,,All-City  - Bikes,,2199.99,3299.99,,Bikes - Complete,,,
,,,,,,,Ison,,,All-City  - Bikes,,2199.99,3299.99,,Bikes - Complete,,,
,,,,,,,Ison,,,Light Blue Sport,,1316.67,1975,,Bikes - Complete,,,
,,,,,,,Ison,,,Light Blue Sport,,1316.67,1975,,Bikes - Complete,,,
,,,,,,,Ison,,,Light Blue Sport,,1316.67,1975,,Bikes - Complete,,,
,,,,,,,Ison,,,Light Blue Sport,,1316.67,1975,,Bikes - Complete,,,
,,,,,,,Ison,,,Light Blue Sport,,1316.67,1975,,Bikes - Complete,,,
,,,,,,,Ison,,,Light Blue Sport,,1316.67,1975,,Bikes - Complete,,,
,,,,,,,Ison,,,Light Blue Sport,,1316.67,1975,,Bikes - Complete,,,
,,,,,,,Ison,,,Light Blue Sport,,1316.67,1975,,Bikes - Complete,,,
,,,,,,,Ison,,,Light Blue Sport,,1316.67,1975,,Bikes - Complete,,,
,,,,,,,Ison,,,Light Blue Sport,,1316.67,1975,,Bikes - Complete,,,
,,,,,,,Ison,,,Light Blue Sport,,1183.33,1775,,Bikes - Complete,,,
,,,,,,,Ison,,,Light Blue Sport,,1183.33,1775,,Bikes - Complete,,,
,,,,,,,Ison,,,Light Blue Sport,,1183.33,1775,,Bikes - Complete,,,
,,,,,,,Ison,,,Light Blue Sport,,1183.33,1775,,Bikes - Complete,,,
,,,,,,,Ison,,,Light Blue Sport,,1183.33,1775,,Bikes - Complete,,,
,,,,,,,Ison,,,Light Blue Sport,,999.99,1499.99,,Bikes - Complete,,,
,,,,,,,Ison,,,Light Blue Sport,,999.99,1499.99,,Bikes - Complete,,,
,,,,,,,Ison,,,Light Blue Sport,,999.99,1499.99,,Bikes - Complete,,,
,,,,,,,Ison,,,Light Blue Sport,,1333.33,1999.99,,Bikes - Complete,,,
,,,,,,,Ison,,,Light Blue Sport,,1333.33,1999.99,,Bikes - Complete,,,
,,,,,,,Ison,,,Light Blue Sport,,1333.33,1999.99,,Bikes - Complete,,,
,,,,,,,Ison,,,Light Blue Sport,,1333.33,1999.99,,Bikes - Complete,,,
,,,,,,,Ison,,,Light Blue Sport,,1333.33,1999.99,,Bikes - Complete,,,
,,,,,,,Ison,,,Light Blue Sport,,1333.33,1999.99,,Bikes - Complete,,,
,,,,,,,Ison,,,Light Blue Sport,,1566.66,2349.99,,Bikes - Complete,,,
,,,,,,,Ison,,,Light Blue Sport,,1566.66,2349.99,,Bikes - Complete,,,
,,,,,,,Ison,,,Light Blue Sport,,1566.66,2349.99,,Bikes - Complete,,,
,,,,,,,Ison,,,Light Blue Sport,,1566.66,2349.99,,Bikes - Complete,,,
,,,,,,,Ison,,,Light Blue Sport,,1566.66,2349.99,,Bikes - Complete,,,
,,,,,,,Ison,,,Light Blue Sport,,1566.66,2349.99,,Bikes - Complete,,,
,,,,,,,Ison,,,All-City  - Bikes,,966.66,1449.99,,Bikes - Complete,,,
,,,,,,,Ison,,,All-City  - Bikes,,1133.33,1699.99,,Bikes - Complete,,,
,,,,,,,Ison,,,All-City  - Bikes,,1133.33,1699.99,,Bikes - Complete,,,
,,,,,,,Ison,,,Light Blue Sport,,983.33,1475,,Bikes - Complete,,,
,,,,,,,Ison,,,Light Blue Sport,,1083.33,1625,,Bikes - Complete,,,
,,,,,,,Ison,,,Light Blue Sport,,983.33,1475,,Bikes - Complete,,,
,,,,,,,Ison,,,Light Blue Sport,,1083.33,1625,,Bikes - Complete,,,
,,,,,,,Ison,,,Light Blue Sport,,983.33,1475,,Bikes - Complete,,,
,,,,,,,Ison,,,Light Blue Sport,,1083.33,1625,,Bikes - Complete,,,
,,,,,,,Ison,,,Light Blue Sport,,983.33,1475,,Bikes - Complete,,,
,,,,,,,Ison,,,Light Blue Sport,,1083.33,1625,,Bikes - Complete,,,
,,,,,,,Ison,,,Light Blue Sport,,983.33,1475,,Bikes - Complete,,,
,,,,,,,Ison,,,Light Blue Sport,,1083.33,1625,,Bikes - Complete,,,
,,,,,,,Ison,,,Avid,,103.03,170,,Brakes,,,
,,,,,,,Ison,,,Avid,,103.03,170,,Brakes,,,
,,,,,,,Ison,,,Sturmey Archer,,5.55,9.99,,Brakes,,,
,,,,,,,Ison,,,Sturmey Archer,,5.55,9.99,,Brakes,,,
,,,,,,,Ison,,,Fibrax,,6.98,12.99,,Brakes,,,
,,,,,,,Ison,,,Fibrax,,8.99,16.99,,Brakes,,,
,,,,,,,Ison,,,Fibrax,,107.55,16.99,,Brakes,,,
,,,,,,,Ison,,,Fibrax,,82.73,12.99,,Brakes,,,
,,,,,,,Ison,,,Fibrax,,82.73,12.99,,Brakes,,,
,,,,,,,Ison,,,Fibrax,,71.65,8.99,,Brakes,,,
,,,,,,,Ison,,,Avid,,31.52,52,,Brakes,,,
,,,,,,,Ison,,,Hayes,,1.19,2,,Brakes,,,
,,,,,,,Ison,,,Hayes,,14.7,24.99,,Brakes,,,
,,,,,,,Ison,,,Hayes,,14.7,24.99,,Brakes,,,
,,,,,,,Ison,,,Fibrax,,7.35,0.1,,Brakes,,,
,,,,,,,Ison,,,Fibrax,,104.54,2,,Brakes,,,
,,,,,,,Ison,,,N-Gear,,6.66,11.99,,Chains & Chain Devices,,,
,,,,,,,Ison,,,MRP,,15.71,27.5,,Chains & Chain Devices,,,
,,,,,,,Ison,,,MRP,,28.57,49.99,,Chains & Chain Devices,,,
,,,,,,,Ison,,,MRP,,28.57,49.99,,Chains & Chain Devices,,,
,,,,,,,Ison,,,MRP,,17.14,30,,Chains & Chain Devices,,,
,,,,,,,Ison,,,MRP,,17.14,30,,Chains & Chain Devices,,,
,,,,,,,Ison,,,Connex,,22.17,3.99,,Chains & Chain Devices,,,
,,,,,,,Ison,,,Connex,,22.17,3.99,,Chains & Chain Devices,,,
,,,,,,,Ison,,,Connex,,49.94,8.99,,Chains & Chain Devices,,,
,,,,,,,Ison,,,Connex,,13.86,4.99,,Chains & Chain Devices,,,
,,,,,,,Ison,,,Connex,,513.89,925,,Chains & Chain Devices,,,
,,,,,,,Ison,,,Connex,,513.89,925,,Chains & Chain Devices,,,
,,,,,,,Ison,,,Connex,,550,990,,Chains & Chain Devices,,,
,,,,,,,Ison,,,Connex,,619.44,1115,,Chains & Chain Devices,,,
,,,,,,,Ison,,,Connex,,655.56,1180,,Chains & Chain Devices,,,
,,,,,,,Ison,,,M-Wave,,50,11.99,,Chains & Chain Devices,,,
,,,,,,,Ison,,,M-Wave,,67.5,14.99,,Chains & Chain Devices,,,
,,,,,,,Ison,,,M-Wave,,87.5,19.99,,Chains & Chain Devices,,,
,,,,,,,Ison,,,M-Wave,,120,23.99,,Chains & Chain Devices,,,
,,,,,,,Ison,,,M-Wave,,125,24.99,,Chains & Chain Devices,,,
,,,,,,,Ison,,,SunRace,,44.44,79.99,,Chains & Chain Devices,,,
,,,,,,,Ison,,,SunRace,,44.44,79.99,,Chains & Chain Devices,,,
,,,,,,,Ison,,,Connex,,163.89,295,,Chains & Chain Devices,,,
,,,,,,,Ison,,,M-Wave,,37.5,9.99,,Chains & Chain Devices,,,
,,,,,,,Ison,,,5Dev,,62.49,99.99,,Cranks & Chainrings,,,
,,,,,,,Ison,,,Demolition BMX,,17.14,29.99,,Cranks & Chainrings,,,
,,,,,,,Ison,,,Demolition BMX,,17.14,29.99,,Cranks & Chainrings,,,
,,,,,,,Ison,,,Volume BMX,,13.14,22.99,,Cranks & Chainrings,,,
,,,,,,,Ison,,,5Dev,,999.99,1499.99,,Cranks & Chainrings,,,
,,,,,,,Ison,,,Samox,,11.11,19.99,,Cranks & Chainrings,,,
,,,,,,,Ison,,,Samox,,11.11,19.99,,Cranks & Chainrings,,,
,,,,,,,Ison,,,Samox,,7.5,14.99,,Cranks & Chainrings,,,
,,,,,,,Ison,,,Samox,,7.5,14.99,,Cranks & Chainrings,,,
,,,,,,,Ison,,,Samox,,7.5,14.99,,Cranks & Chainrings,,,
,,,,,,,Ison,,,Samox,,7.5,14.99,,Cranks & Chainrings,,,
,,,,,,,Ison,,,Samox,,7.5,14.99,,Cranks & Chainrings,,,
,,,,,,,Ison,,,Samox,,7.5,14.99,,Cranks & Chainrings,,,
,,,,,,,Ison,,,Samox,,11.11,19.99,,Cranks & Chainrings,,,
,,,,,,,Ison,,,Samox,,11.11,19.99,,Cranks & Chainrings,,,
,,,,,,,Ison,,,Samox,,4.5,8.99,,Cranks & Chainrings,,,
,,,,,,,Ison,,,Samox,,4.5,8.99,,Cranks & Chainrings,,,
,,,,,,,Ison,,,Samox,,4.5,8.99,,Cranks & Chainrings,,,
,,,,,,,Ison,,,Manitou,,82.35,139.99,,Forks,,,
,,,,,,,Ison,,,Manitou,,633.33,949.99,,Forks,,,
,,,,,,,Ison,,,Manitou,,219.99,329.99,,Forks,,,
,,,,,,,Ison,,,Rockshox,,293.93,484.99,,Forks,,,
,,,,,,,Ison,,,Rockshox,,293.93,484.99,,Forks,,,
,,,,,,,Ison,,,Rockshox,,309.08,509.99,,Forks,,,
,,,,,,,Ison,,,Fibrax,,119,2,,Gears,,,
,,,,,,,Ison,,,Tioga,,7.22,12.99,,"Handlebars, Stems & Grips",,,
,,,,,,,Ison,,,BOX BMX,,266.66,399.99,,"Handlebars, Stems & Grips",,,
,,,,,,,Ison,,,BOX BMX,,266.66,399.99,,"Handlebars, Stems & Grips",,,
,,,,,,,Ison,,,Demolition BMX,,53.12,84.99,,"Handlebars, Stems & Grips",,,
,,,,,,,Ison,,,Volume BMX,,53.12,84.99,,"Handlebars, Stems & Grips",,,
,,,,,,,Ison,,,Volume BMX,,53.12,84.99,,"Handlebars, Stems & Grips",,,
,,,,,,,Ison,,,Benno Bikes,,29.99,44.99,,"Handlebars, Stems & Grips",,,
,,,,,,,Ison,,,Volume BMX,,53.12,84.99,,"Handlebars, Stems & Grips",,,
,,,,,,,Ison,,,Genetic,,22.22,39.99,,"Handlebars, Stems & Grips",,,
,,,,,,,Ison,,,Redshift Sports,,4.11,6.99,,"Handlebars, Stems & Grips",,,
,,,,,,,Ison,,,Redshift Sports,,4.11,6.99,,"Handlebars, Stems & Grips",,,
,,,,,,,Ison,,,M-Wave,,11.5,22.99,,"Handlebars, Stems & Grips",,,
,,,,,,,Ison,,,M-Wave,,11.5,22.99,,"Handlebars, Stems & Grips",,,
,,,,,,,Ison,,,M-Wave,,11.5,22.99,,"Handlebars, Stems & Grips",,,
,,,,,,,Ison,,,M-Wave,,11.5,22.99,,"Handlebars, Stems & Grips",,,
,,,,,,,Ison,,,M-Wave,,3,5.99,,Headsets,,,
,,,,,,,Ison,,,ID,,23.5,39.99,,Headsets,,,
,,,,,,,Ison,,,BOX BMX,,30.3,49.99,,Hubs & Cassettes,,,
,,,,,,,Ison,,,BOX BMX,,30.3,49.99,,Hubs & Cassettes,,,
,,,,,,,Ison,,,BOX BMX,,30.3,49.99,,Hubs & Cassettes,,,
,,,,,,,Ison,,,BOX BMX,,6.05,9.99,,Hubs & Cassettes,,,
,,,,,,,Ison,,,Demolition BMX,,5.14,8.99,,Hubs & Cassettes,,,
,,,,,,,Ison,,,Demolition BMX,,5.71,9.99,,Hubs & Cassettes,,,
,,,,,,,Ison,,,Demolition BMX,,3.42,5.99,,Hubs & Cassettes,,,
,,,,,,,Ison,,,Demolition BMX,,5.71,9.99,,Hubs & Cassettes,,,
,,,,,,,Ison,,,Demolition BMX,,17.14,29.99,,Hubs & Cassettes,,,
,,,,,,,Ison,,,Demolition BMX,,10.85,18.99,,Hubs & Cassettes,,,
,,,,,,,Ison,,,Demolition BMX,,15.99,27.99,,Hubs & Cassettes,,,
,,,,,,,Ison,,,Demolition BMX,,15.99,27.99,,Hubs & Cassettes,,,
,,,,,,,Ison,,,Demolition BMX,,11.42,19.99,,Hubs & Cassettes,,,
,,,,,,,Ison,,,Rohloff,,4.72,8.49,,Hubs & Cassettes,,,
,,,,,,,Ison,,,Sturmey Archer,,0.4,0.7,,Hubs & Cassettes,,,
,,,,,,,Ison,,,Demolition BMX,,91.42,159.99,,Hubs & Cassettes,,,
,,,,,,,Ison,,,Demolition BMX,,91.42,159.99,,Hubs & Cassettes,,,
,,,,,,,Ison,,,Connex,,19.98,8.99,,Lubricants & Solvents,,,
,,,,,,,Ison,,,Weldtite,,141.2,280,,Lubricants & Solvents,,,
,,,,,,,Ison,,,Weldtite,,270.77,485,,Lubricants & Solvents,,,
,,,,,,,Ison,,,Tioga,,3.88,6.99,,Pedals,,,
,,,,,,,Ison,,,Tioga,,5.55,9.99,,Pedals,,,
,,,,,,,Ison,,,M-Wave,,6,11.99,,Seatposts &  Clamps,,,
,,,,,,,Ison,,,M-Wave,,6,11.99,,Seatposts &  Clamps,,,
,,,,,,,Ison,,,M-Wave,,6,11.99,,Seatposts &  Clamps,,,
,,,,,,,Ison,,,M-Wave,,6,11.99,,Seatposts &  Clamps,,,
,,,,,,,Ison,,,M-Wave,,8,15.99,,Seatposts &  Clamps,,,
,,,,,,,Ison,,,M-Wave,,8,15.99,,Seatposts &  Clamps,,,
,,,,,,,Ison,,,Tioga,,20.58,34.99,,Seatposts &  Clamps,,,
,,,,,,,Ison,,,M-Wave,,9,17.99,,Seatposts &  Clamps,,,
,,,,,,,Ison,,,Tubolight,,22.22,39.99,,Tyres & Tubes,,,
,,,,,,,Ison,,,Tubolight,,22.22,39.99,,Tyres & Tubes,,,
,,,,,,,Ison,,,Tioga,,22.22,39.99,,Tyres & Tubes,,,
,,,,,,,Ison,,,Tioga,,22.22,39.99,,Tyres & Tubes,,,
,,,,,,,Ison,,,Benno Bikes,,33.33,49.99,,Tyres & Tubes,,,
,,,,,,,Ison,,,Tioga,,14.99,26.99,,Tyres & Tubes,,,
,,,,,,,Ison,,,Demolition BMX,,126.66,189.99,,Wheels,,,
,,,,,,,Ison,,,Halo,,234.28,409.99,,Wheels,,,
,,,,,,,Ison,,,Princeton CarbonWorks,,3266.66,4899.99,,Wheels,,,
,,,,,,,Ison,,,Princeton CarbonWorks,,3266.66,4899.99,,Wheels,,,
,,,,,,,Ison,,,Princeton CarbonWorks,,3266.66,4899.99,,Wheels,,,
,,,,,,,Ison,,,Princeton CarbonWorks,,2533.33,3799.99,,Wheels,,,
,,,,,,,Ison,,,Princeton CarbonWorks,,2533.33,3799.99,,Wheels,,,
,,,,,,,Ison,,,Princeton CarbonWorks,,2533.33,3799.99,,Wheels,,,
,,,,,,,Ison,,,Princeton CarbonWorks,,3266.66,4899.99,,Wheels,,,
,,,,,,,Ison,,,Princeton CarbonWorks,,3266.66,4899.99,,Wheels,,,
,,,,,,,Ison,,,Princeton CarbonWorks,,3266.66,4899.99,,Wheels,,,
,,,,,,,Ison,,,Princeton CarbonWorks,,2533.33,3799.99,,Wheels,,,
,,,,,,,Ison,,,Princeton CarbonWorks,,2533.33,3799.99,,Wheels,,,
,,,,,,,Ison,,,Princeton CarbonWorks,,2533.33,3799.99,,Wheels,,,
,,,,,,,Ison,,,Princeton CarbonWorks,,4333.33,6499.99,,Wheels,,,
,,,,,,,Ison,,,Princeton CarbonWorks,,4333.33,6499.99,,Wheels,,,
,,,,,,,Ison,,,Princeton CarbonWorks,,4666.66,6999.99,,Wheels,,,
,,,,,,,Ison,,,Princeton CarbonWorks,,3533.33,5299.99,,Wheels,,,
,,,,,,,Ison,,,Princeton CarbonWorks,,3533.33,5299.99,,Wheels,,,
,,,,,,,Ison,,,Princeton CarbonWorks,,2533.33,3799.99,,Wheels,,,
,,,,,,,Ison,,,Princeton CarbonWorks,,2533.33,3799.99,,Wheels,,,
,,,,,,,Ison,,,Princeton CarbonWorks,,2533.33,3799.99,,Wheels,,,
